Behaviour,Actor,Receiver,T_start,T_stop,treatment_rep
SG,15,NA,2021-03-16T12:28:11.051318377Z,2021-03-16T12:28:21.801410429Z,R3SP
FR,1,8,2021-03-16T12:28:10.676453920Z,2021-03-16T12:28:16.551529479Z,R3SP
FR,8,1,2021-03-16T12:28:10.676453920Z,2021-03-16T12:28:16.551529479Z,R3SP
SG,4,NA,2021-03-16T12:28:09.426475218Z,2021-03-16T12:28:20.801404975Z,R3SP
SG,24,NA,2021-03-16T12:28:08.051388267Z,2021-03-16T12:28:22.176489693Z,R3SP
SG,1,NA,2021-03-16T12:28:02.301392540Z,2021-03-16T12:28:03.426422074Z,R3SP
G,2,5,2021-03-16T12:28:01.926349938Z,2021-03-16T12:28:22.051566709Z,R3SP
G,2,5,2021-03-16T12:28:01.926349938Z,2021-03-16T12:28:22.051566709Z,R3SP
SG,24,NA,2021-03-16T12:28:01.551421740Z,2021-03-16T12:28:04.301437819Z,R3SP
SG,1,NA,2021-03-16T12:27:45.551305145Z,2021-03-16T12:27:58.676288625Z,R3SP
SG,22,NA,2021-03-16T12:27:29.176099509Z,2021-03-16T12:27:53.426364375Z,R3SP
TB,22,NA,2021-03-16T12:27:23.926124829Z,2021-03-16T12:27:29.176099509Z,R3SP
SG,3,NA,2021-03-16T12:27:21.926046747Z,2021-03-16T12:27:28.926161140Z,R3SP
SG,8,NA,2021-03-16T12:27:20.676049230Z,2021-03-16T12:27:37.301148660Z,R3SP
SG,5,NA,2021-03-16T12:27:20.551039906Z,2021-03-16T12:27:32.051136518Z,R3SP
SG,15,NA,2021-03-16T12:27:20.051295450Z,2021-03-16T12:27:56.301382566Z,R3SP
SG,4,NA,2021-03-16T12:27:17.300951248Z,2021-03-16T12:27:35.676085771Z,R3SP
G,24,17,2021-03-16T12:27:12.925990796Z,2021-03-16T12:27:58.176301183Z,R3SP
G,24,17,2021-03-16T12:27:12.925990796Z,2021-03-16T12:27:58.176301183Z,R3SP
FR,6,15,2021-03-16T12:27:11.425924465Z,2021-03-16T12:27:16.801085434Z,R3SP
FR,6,15,2021-03-16T12:27:11.425924465Z,2021-03-16T12:27:16.801085434Z,R3SP
SG,22,NA,2021-03-16T12:27:08.676027183Z,2021-03-16T12:27:23.926124829Z,R3SP
TQ,16,29,2021-03-16T12:27:07.801273829Z,2021-03-16T12:27:24.551057851Z,R3SP
TQ,16,29,2021-03-16T12:27:07.801273829Z,2021-03-16T12:27:24.551057851Z,R3SP
CR,24,17,2021-03-16T12:27:03.675904868Z,2021-03-16T12:27:12.925990796Z,R3SP
CR,24,17,2021-03-16T12:27:03.675904868Z,2021-03-16T12:27:12.925990796Z,R3SP
SG,26,NA,2021-03-16T12:26:52.925827756Z,2021-03-16T12:26:54.175881306Z,R3SP
SG,18,NA,2021-03-16T12:26:43.425772688Z,2021-03-16T12:26:46.550752174Z,R3SP
SG,15,NA,2021-03-16T12:26:39.175680341Z,2021-03-16T12:27:03.800920671Z,R3SP
TB,22,NA,2021-03-16T12:26:23.550597693Z,2021-03-16T12:27:06.550932336Z,R3SP
T,3,4,2021-03-16T12:26:18.800598373Z,2021-03-16T12:26:42.800753343Z,R3SP
T,4,3,2021-03-16T12:26:18.800598373Z,2021-03-16T12:26:42.800753343Z,R3SP
SG,16,NA,2021-03-16T12:26:17.675547041Z,2021-03-16T12:26:53.550844562Z,R3SP
SG,22,NA,2021-03-16T12:26:08.175527920Z,2021-03-16T12:26:22.175568026Z,R3SP
SG,16,NA,2021-03-16T12:25:55.675437658Z,2021-03-16T12:26:01.050478319Z,R3SP
T,3,4,2021-03-16T12:25:53.675421667Z,2021-03-16T12:26:01.300458351Z,R3SP
T,4,3,2021-03-16T12:25:53.675421667Z,2021-03-16T12:26:01.300458351Z,R3SP
SG,24,NA,2021-03-16T12:25:52.300407574Z,2021-03-16T12:26:13.050487332Z,R3SP
G,18,5,2021-03-16T12:25:50.550398963Z,2021-03-16T12:26:41.300725876Z,R3SP
G,18,5,2021-03-16T12:25:50.550398963Z,2021-03-16T12:26:41.300725876Z,R3SP
CR,15,6,2021-03-16T12:25:43.800305183Z,2021-03-16T12:26:00.050409428Z,R3SP
FR,3,6,2021-03-16T12:25:30.425195734Z,2021-03-16T12:25:33.675222190Z,R3SP
FR,3,6,2021-03-16T12:25:30.425195734Z,2021-03-16T12:25:33.675222190Z,R3SP
SG,17,NA,2021-03-16T12:25:19.675161712Z,2021-03-16T12:25:32.175269428Z,R3SP
SG,13,NA,2021-03-16T12:25:19.175119147Z,2021-03-16T12:25:21.925154717Z,R3SP
CR,23,8,2021-03-16T12:25:12.425133423Z,2021-03-16T12:25:57.050397877Z,R3SP
CR,23,8,2021-03-16T12:25:12.425133423Z,2021-03-16T12:25:57.050397877Z,R3SP
FR,3,6,2021-03-16T12:25:07.050099716Z,2021-03-16T12:25:20.925129884Z,R3SP
FR,3,6,2021-03-16T12:25:07.050099716Z,2021-03-16T12:25:20.925129884Z,R3SP
FR,3,15,2021-03-16T12:25:01.425039963Z,2021-03-16T12:25:04.675016900Z,R3SP
FR,15,3,2021-03-16T12:25:01.425039963Z,2021-03-16T12:25:04.675016900Z,R3SP
SG,16,NA,2021-03-16T12:24:59.175035502Z,2021-03-16T12:25:02.550048714Z,R3SP
SG,20,NA,2021-03-16T12:24:55.049999049Z,2021-03-16T12:25:01.175041039Z,R3SP
SG,22,NA,2021-03-16T12:24:53.049982401Z,2021-03-16T12:26:03.300487401Z,R3SP
SG,16,NA,2021-03-16T12:24:48.549901329Z,2021-03-16T12:24:54.675000662Z,R3SP
SG,13,NA,2021-03-16T12:24:41.424906307Z,2021-03-16T12:25:14.425084582Z,R3SP
FR,8,23,2021-03-16T12:24:30.049827161Z,2021-03-16T12:24:42.799872855Z,R3SP
FR,23,8,2021-03-16T12:24:30.049827161Z,2021-03-16T12:24:42.799872855Z,R3SP
SG,6,NA,2021-03-16T12:24:20.299681854Z,2021-03-16T12:24:40.174895123Z,R3SP
SG,18,NA,2021-03-16T12:24:20.049756642Z,2021-03-16T12:24:22.549762649Z,R3SP
SG,4,NA,2021-03-16T12:24:11.299697275Z,2021-03-16T12:24:14.924713714Z,R3SP
FR,8,23,2021-03-16T12:24:01.049620686Z,2021-03-16T12:24:07.174641275Z,R3SP
FR,23,8,2021-03-16T12:24:01.049620686Z,2021-03-16T12:24:07.174641275Z,R3SP
FR,4,20,2021-03-16T12:23:49.799535132Z,2021-03-16T12:23:53.299506159Z,R3SP
FR,4,20,2021-03-16T12:23:49.799535132Z,2021-03-16T12:23:53.299506159Z,R3SP
TB,22,NA,2021-03-16T12:23:49.299479227Z,2021-03-16T12:24:53.049982401Z,R3SP
SG,17,NA,2021-03-16T12:23:44.924498322Z,2021-03-16T12:23:47.924454290Z,R3SP
SG,1,NA,2021-03-16T12:23:44.674499753Z,2021-03-16T12:24:15.799711901Z,R3SP
SG,16,NA,2021-03-16T12:23:28.299386710Z,2021-03-16T12:23:35.674440702Z,R3SP
SG,22,NA,2021-03-16T12:23:24.924351774Z,2021-03-16T12:23:39.549544802Z,R3SP
G,24,5,2021-03-16T12:23:17.799298312Z,2021-03-16T12:25:47.050314102Z,R3SP
G,24,5,2021-03-16T12:23:17.799298312Z,2021-03-16T12:25:47.050314102Z,R3SP
SG,1,NA,2021-03-16T12:23:17.299310756Z,2021-03-16T12:23:39.299442045Z,R3SP
A,18,7,2021-03-16T12:23:10.924252063Z,2021-03-16T12:23:14.424288401Z,R3SP
A,18,7,2021-03-16T12:23:10.924252063Z,2021-03-16T12:23:14.424288401Z,R3SP
SG,18,NA,2021-03-16T12:23:02.799178541Z,2021-03-16T12:23:06.424220166Z,R3SP
CB,16,NA,2021-03-16T12:22:58.799131245Z,2021-03-16T12:23:15.549329069Z,R3SP
SG,1,NA,2021-03-16T12:22:58.549127250Z,2021-03-16T12:23:09.424248100Z,R3SP
SG,8,NA,2021-03-16T12:22:57.299159127Z,2021-03-16T12:23:12.549282277Z,R3SP
SG,23,NA,2021-03-16T12:22:52.799140751Z,2021-03-16T12:22:55.549115333Z,R3SP
SG,2,NA,2021-03-16T12:22:50.799154Z,2021-03-16T12:22:56.049199316Z,R3SP
T,4,7,2021-03-16T12:22:45.549098502Z,2021-03-16T12:23:02.174149211Z,R3SP
T,7,4,2021-03-16T12:22:45.549098502Z,2021-03-16T12:23:02.174149211Z,R3SP
SG,12,NA,2021-03-16T12:22:44.924042475Z,2021-03-16T12:22:57.174162069Z,R3SP
TB,16,NA,2021-03-16T12:22:44.549110432Z,2021-03-16T12:22:50.799154Z,R3SP
SG,17,NA,2021-03-16T12:22:44.049069662Z,2021-03-16T12:22:46.299103538Z,R3SP
SG,1,NA,2021-03-16T12:22:27.923954282Z,2021-03-16T12:22:32.423988324Z,R3SP
SG,7,NA,2021-03-16T12:22:26.798908556Z,2021-03-16T12:22:33.174002612Z,R3SP
SG,2,NA,2021-03-16T12:22:18.298841793Z,2021-03-16T12:22:49.174105611Z,R3SP
TB,16,NA,2021-03-16T12:22:17.173878032Z,2021-03-16T12:22:17.173878032Z,R3SP
TB,19,NA,2021-03-16T12:22:12.923855047Z,2021-03-16T12:22:19.173842997Z,R3SP
SG,4,NA,2021-03-16T12:22:11.673792790Z,2021-03-16T12:22:22.548921208Z,R3SP
SG,7,NA,2021-03-16T12:22:07.923806599Z,2021-03-16T12:22:22.673912497Z,R3SP
SG,15,NA,2021-03-16T12:22:06.548748257Z,2021-03-16T12:26:36.175668283Z,R3SP
SG,2,NA,2021-03-16T12:22:05.173775255Z,2021-03-16T12:22:14.048870680Z,R3SP
G,23,5,2021-03-16T12:22:01.173719822Z,2021-03-16T12:22:34.549023519Z,R3SP
G,23,5,2021-03-16T12:22:01.173719822Z,2021-03-16T12:22:34.549023519Z,R3SP
G,8,6,2021-03-16T12:21:58.798807447Z,2021-03-16T12:22:20.298915163Z,R3SP
G,8,6,2021-03-16T12:21:58.798807447Z,2021-03-16T12:22:20.298915163Z,R3SP
SG,22,NA,2021-03-16T12:21:56.798759174Z,2021-03-16T12:22:34.424009341Z,R3SP
SG,19,NA,2021-03-16T12:21:47.798674290Z,2021-03-16T12:21:55.923737208Z,R3SP
SG,7,NA,2021-03-16T12:21:46.423669449Z,2021-03-16T12:21:51.923702629Z,R3SP
A,24,4,2021-03-16T12:21:46.173664040Z,2021-03-16T12:21:49.548772272Z,R3SP
SG,26,NA,2021-03-16T12:21:42.423632684Z,2021-03-16T12:21:51.173715363Z,R3SP
SG,15,NA,2021-03-16T12:21:40.173633297Z,2021-03-16T12:22:03.048808830Z,R3SP
T,4,22,2021-03-16T12:21:35.298579840Z,2021-03-16T12:21:46.798715162Z,R3SP
T,22,4,2021-03-16T12:21:35.298579840Z,2021-03-16T12:21:46.798715162Z,R3SP
SG,16,NA,2021-03-16T12:21:33.423520532Z,2021-03-16T12:21:36.798648416Z,R3SP
FR,3,7,2021-03-16T12:21:22.798513632Z,2021-03-16T12:21:25.923512184Z,R3SP
FR,7,3,2021-03-16T12:21:22.798513632Z,2021-03-16T12:21:25.923512184Z,R3SP
CR,13,27,2021-03-16T12:21:22.298427890Z,2021-03-16T12:23:19.174460565Z,R3SP
CR,13,27,2021-03-16T12:21:22.298427890Z,2021-03-16T12:23:19.174460565Z,R3SP
G,26,9,2021-03-16T12:21:17.798495294Z,2021-03-16T12:21:28.798617654Z,R3SP
G,26,9,2021-03-16T12:21:17.798495294Z,2021-03-16T12:21:28.798617654Z,R3SP
TB,19,NA,2021-03-16T12:21:15.048520740Z,2021-03-16T12:21:40.673637005Z,R3SP
SG,25,NA,2021-03-16T12:21:05.923332154Z,2021-03-16T12:21:10.298477668Z,R3SP
SG,15,NA,2021-03-16T12:21:04.673368930Z,2021-03-16T12:21:07.548370250Z,R3SP
SG,19,NA,2021-03-16T12:21:01.423352269Z,2021-03-16T12:21:05.173377800Z,R3SP
G,2,17,2021-03-16T12:20:55.673314746Z,2021-03-16T12:22:04.798832615Z,R3SP
G,2,17,2021-03-16T12:20:55.673314746Z,2021-03-16T12:22:04.798832615Z,R3SP
TB,22,NA,2021-03-16T12:20:51.673268176Z,2021-03-16T12:21:03.173291435Z,R3SP
G,2,5,2021-03-16T12:20:48.923211010Z,2021-03-16T12:20:52.798284357Z,R3SP
G,2,5,2021-03-16T12:20:48.923211010Z,2021-03-16T12:20:52.798284357Z,R3SP
SG,14,NA,2021-03-16T12:20:42.298163231Z,2021-03-16T12:20:46.923251406Z,R3SP
SG,16,NA,2021-03-16T12:20:42.298163231Z,2021-03-16T12:21:29.673554986Z,R3SP
SG,22,NA,2021-03-16T12:20:33.673102668Z,2021-03-16T12:20:36.423166711Z,R3SP
SG,7,NA,2021-03-16T12:20:33.423160231Z,2021-03-16T12:20:50.673284906Z,R3SP
SG,4,NA,2021-03-16T12:20:33.298169225Z,2021-03-16T12:20:35.798113516Z,R3SP
SG,1,NA,2021-03-16T12:20:31.923130925Z,2021-03-16T12:20:46.798284400Z,R3SP
FR,4,13,2021-03-16T12:20:28.798160070Z,2021-03-16T12:20:31.423089071Z,R3SP
SG,6,NA,2021-03-16T12:20:27.173118496Z,2021-03-16T12:21:10.298477668Z,R3SP
SG,1,NA,2021-03-16T12:20:26.048137614Z,2021-03-16T12:20:30.048065569Z,R3SP
SG,2,NA,2021-03-16T12:20:19.548054298Z,2021-03-16T12:20:27.548156220Z,R3SP
T,6,7,2021-03-16T12:19:59.297931359Z,2021-03-16T12:20:15.047964116Z,R3SP
T,7,6,2021-03-16T12:19:59.297931359Z,2021-03-16T12:20:15.047964116Z,R3SP
SG,18,NA,2021-03-16T12:19:57.547940076Z,2021-03-16T12:20:12.798031048Z,R3SP
TB,19,NA,2021-03-16T12:19:57.547940076Z,2021-03-16T12:20:06.422968691Z,R3SP
G,1,5,2021-03-16T12:19:52.672858071Z,2021-03-16T12:20:16.547966403Z,R3SP
G,1,5,2021-03-16T12:19:52.672858071Z,2021-03-16T12:20:16.547966403Z,R3SP
SG,19,NA,2021-03-16T12:19:48.047821840Z,2021-03-16T12:19:56.422885905Z,R3SP
T,4,20,2021-03-16T12:19:42.047811152Z,2021-03-16T12:19:50.172854242Z,R3SP
T,4,20,2021-03-16T12:19:42.047811152Z,2021-03-16T12:19:50.172854242Z,R3SP
SG,18,NA,2021-03-16T12:19:41.047757093Z,2021-03-16T12:19:53.422823029Z,R3SP
TB,22,NA,2021-03-16T12:19:30.547703280Z,2021-03-16T12:19:57.922908873Z,R3SP
SG,18,NA,2021-03-16T12:19:25.422710738Z,2021-03-16T12:19:30.172644501Z,R3SP
SG,2,NA,2021-03-16T12:19:21.672650503Z,2021-03-16T12:19:37.172757026Z,R3SP
SG,7,NA,2021-03-16T12:19:19.797632452Z,2021-03-16T12:19:50.547854390Z,R3SP
TB,19,NA,2021-03-16T12:19:18.422644804Z,2021-03-16T12:19:27.422681212Z,R3SP
G,26,14,2021-03-16T12:19:16.922639654Z,2021-03-16T12:19:32.172718779Z,R3SP
G,26,14,2021-03-16T12:19:16.922639654Z,2021-03-16T12:19:32.172718779Z,R3SP
CR,25,27,2021-03-16T12:19:15.797607599Z,2021-03-16T12:20:27.673116428Z,R3SP
CR,25,27,2021-03-16T12:19:15.797607599Z,2021-03-16T12:20:27.673116428Z,R3SP
SG,5,NA,2021-03-16T12:19:15.547606659Z,2021-03-16T12:19:21.047658731Z,R3SP
SG,24,NA,2021-03-16T12:19:06.172543374Z,2021-03-16T12:19:16.547616128Z,R3SP
SG,1,NA,2021-03-16T12:19:02.047468999Z,2021-03-16T12:19:30.172644501Z,R3SP
FR,1,26,2021-03-16T12:18:49.672427106Z,2021-03-16T12:18:51.547438394Z,R3SP
FR,26,1,2021-03-16T12:18:49.672427106Z,2021-03-16T12:18:51.547438394Z,R3SP
TB,2,NA,2021-03-16T12:18:46.297409708Z,2021-03-16T12:19:00.172435337Z,R3SP
T,7,18,2021-03-16T12:18:39.047350340Z,2021-03-16T12:19:10.797521246Z,R3SP
T,18,7,2021-03-16T12:18:39.047350340Z,2021-03-16T12:19:10.797521246Z,R3SP
SG,26,NA,2021-03-16T12:18:37.797346027Z,2021-03-16T12:18:43.422382047Z,R3SP
SG,2,NA,2021-03-16T12:18:35.422274080Z,2021-03-16T12:18:45.797403645Z,R3SP
SG,24,NA,2021-03-16T12:18:31.797296856Z,2021-03-16T12:18:38.797363126Z,R3SP
SG,2,NA,2021-03-16T12:18:27.797282516Z,2021-03-16T12:18:30.297254252Z,R3SP
SG,26,NA,2021-03-16T12:18:22.672246910Z,2021-03-16T12:18:25.422254263Z,R3SP
SG,1,NA,2021-03-16T12:18:21.672225769Z,2021-03-16T12:18:26.797279859Z,R3SP
SG,4,NA,2021-03-16T12:18:16.172140519Z,2021-03-16T12:18:17.422154303Z,R3SP
SG,2,NA,2021-03-16T12:18:15.922140761Z,2021-03-16T12:18:24.047201065Z,R3SP
SG,1,NA,2021-03-16T12:18:08.922149815Z,2021-03-16T12:18:17.672170047Z,R3SP
SG,2,NA,2021-03-16T12:18:01.922100426Z,2021-03-16T12:18:14.547192537Z,R3SP
CR,23,17,2021-03-16T12:17:56.172048669Z,2021-03-16T12:17:59.297075861Z,R3SP
CR,23,17,2021-03-16T12:17:56.172048669Z,2021-03-16T12:17:59.297075861Z,R3SP
G,26,17,2021-03-16T12:17:53.672044709Z,2021-03-16T12:18:19.172162274Z,R3SP
G,26,17,2021-03-16T12:17:53.672044709Z,2021-03-16T12:18:19.172162274Z,R3SP
A,26,17,2021-03-16T12:17:49.297018647Z,2021-03-16T12:17:50.921968859Z,R3SP
A,26,17,2021-03-16T12:17:49.297018647Z,2021-03-16T12:17:50.921968859Z,R3SP
G,1,5,2021-03-16T12:17:46.672001592Z,2021-03-16T12:17:58.547074614Z,R3SP
G,1,5,2021-03-16T12:17:46.672001592Z,2021-03-16T12:17:58.547074614Z,R3SP
SG,2,NA,2021-03-16T12:17:41.046956034Z,2021-03-16T12:17:42.796910186Z,R3SP
SG,20,NA,2021-03-16T12:17:27.671864630Z,2021-03-16T12:17:58.672041501Z,R3SP
G,26,17,2021-03-16T12:17:26.171797232Z,2021-03-16T12:17:47.672011526Z,R3SP
G,26,17,2021-03-16T12:17:26.171797232Z,2021-03-16T12:17:47.672011526Z,R3SP
SG,23,NA,2021-03-16T12:17:23.796821376Z,2021-03-16T12:17:44.296979232Z,R3SP
A,26,17,2021-03-16T12:17:22.546824029Z,2021-03-16T12:17:24.171835315Z,R3SP
GQ,24,29,2021-03-16T12:17:17.671790430Z,2021-03-16T12:17:19.546823848Z,R3SP
GQ,24,29,2021-03-16T12:17:17.671790430Z,2021-03-16T12:17:19.546823848Z,R3SP
SG,7,NA,2021-03-16T12:17:17.546770334Z,2021-03-16T12:17:24.921859854Z,R3SP
G,26,17,2021-03-16T12:17:16.046748403Z,2021-03-16T12:17:22.546824029Z,R3SP
G,26,17,2021-03-16T12:17:16.046748403Z,2021-03-16T12:17:22.546824029Z,R3SP
TB,22,NA,2021-03-16T12:17:15.546799419Z,2021-03-16T12:18:20.047169917Z,R3SP
G,1,5,2021-03-16T12:17:07.796671644Z,2021-03-16T12:17:39.046950765Z,R3SP
G,1,5,2021-03-16T12:17:07.796671644Z,2021-03-16T12:17:39.046950765Z,R3SP
SG,4,NA,2021-03-16T12:16:59.046729237Z,2021-03-16T12:17:06.171717902Z,R3SP
G,26,17,2021-03-16T12:16:56.796653335Z,2021-03-16T12:17:13.296772174Z,R3SP
G,26,17,2021-03-16T12:16:56.796653335Z,2021-03-16T12:17:13.296772174Z,R3SP
SG,2,NA,2021-03-16T12:16:55.296637366Z,2021-03-16T12:16:56.546683157Z,R3SP
G,23,17,2021-03-16T12:16:50.921552663Z,2021-03-16T12:17:02.296629230Z,R3SP
G,23,17,2021-03-16T12:16:50.921552663Z,2021-03-16T12:17:02.296629230Z,R3SP
SG,20,NA,2021-03-16T12:16:45.046582709Z,2021-03-16T12:17:09.546783459Z,R3SP
TB,4,NA,2021-03-16T12:16:44.421561285Z,2021-03-16T12:16:48.296595610Z,R3SP
SG,5,NA,2021-03-16T12:16:43.171559616Z,2021-03-16T12:17:05.796757027Z,R3SP
SG,1,NA,2021-03-16T12:16:40.796537655Z,2021-03-16T12:17:02.546675891Z,R3SP
SG,1,NA,2021-03-16T12:16:35.921449292Z,2021-03-16T12:16:39.546527122Z,R3SP
SG,1,NA,2021-03-16T12:16:29.296395556Z,2021-03-16T12:16:32.546480073Z,R3SP
SG,20,NA,2021-03-16T12:16:25.546413183Z,2021-03-16T12:16:33.296530247Z,R3SP
T,1,18,2021-03-16T12:16:16.421366854Z,2021-03-16T12:16:22.296408408Z,R3SP
T,18,1,2021-03-16T12:16:16.421366854Z,2021-03-16T12:16:22.296408408Z,R3SP
G,20,17,2021-03-16T12:16:13.296355954Z,2021-03-16T12:16:16.296383185Z,R3SP
SG,4,NA,2021-03-16T12:16:09.296248294Z,2021-03-16T12:16:17.046439343Z,R3SP
G,26,17,2021-03-16T12:16:02.796223912Z,2021-03-16T12:16:16.796392624Z,R3SP
G,26,17,2021-03-16T12:16:02.796223912Z,2021-03-16T12:16:16.796392624Z,R3SP
SG,13,NA,2021-03-16T12:15:53.296234844Z,2021-03-16T12:16:15.796383851Z,R3SP
SG,14,NA,2021-03-16T12:15:52.671202007Z,2021-03-16T12:15:54.921214021Z,R3SP
G,2,5,2021-03-16T12:15:48.296175225Z,2021-03-16T12:16:30.171453926Z,R3SP
G,2,5,2021-03-16T12:15:48.296175225Z,2021-03-16T12:16:30.171453926Z,R3SP
SG,26,NA,2021-03-16T12:15:46.921168977Z,2021-03-16T12:15:52.421200493Z,R3SP
SG,1,NA,2021-03-16T12:15:45.796144919Z,2021-03-16T12:16:13.421345007Z,R3SP
SG,13,NA,2021-03-16T12:15:42.796096356Z,2021-03-16T12:15:47.671174342Z,R3SP
G,4,5,2021-03-16T12:15:36.421093520Z,2021-03-16T12:16:06.296225448Z,R3SP
G,4,5,2021-03-16T12:15:36.421093520Z,2021-03-16T12:16:06.296225448Z,R3SP
SG,2,NA,2021-03-16T12:15:35.796114178Z,2021-03-16T12:15:44.171135472Z,R3SP
CR,20,14,2021-03-16T12:15:34.296090322Z,2021-03-16T12:15:43.671134680Z,R3SP
CR,20,14,2021-03-16T12:15:34.296090322Z,2021-03-16T12:15:43.671134680Z,R3SP
A,4,5,2021-03-16T12:15:32.796073519Z,2021-03-16T12:15:34.796083336Z,R3SP
A,4,5,2021-03-16T12:15:32.796073519Z,2021-03-16T12:15:34.796083336Z,R3SP
CR,25,27,2021-03-16T12:15:32.046074947Z,2021-03-16T12:17:34.421854127Z,R3SP
CR,25,27,2021-03-16T12:15:32.046074947Z,2021-03-16T12:17:34.421854127Z,R3SP
SG,13,NA,2021-03-16T12:15:12.170929531Z,2021-03-16T12:15:25.796018277Z,R3SP
SG,8,NA,2021-03-16T12:15:11.170859789Z,2021-03-16T12:16:21.671409140Z,R3SP
SG,4,NA,2021-03-16T12:15:04.545881402Z,2021-03-16T12:15:13.670940279Z,R3SP
SG,10,NA,2021-03-16T12:15:03.170873548Z,2021-03-16T12:16:00.046297246Z,R3SP
G,26,17,2021-03-16T12:14:42.920693346Z,2021-03-16T12:15:44.671107482Z,R3SP
G,26,17,2021-03-16T12:14:42.920693346Z,2021-03-16T12:15:44.671107482Z,R3SP
G,2,5,2021-03-16T12:14:40.795715400Z,2021-03-16T12:15:33.671040861Z,R3SP
G,2,5,2021-03-16T12:14:40.795715400Z,2021-03-16T12:15:33.671040861Z,R3SP
G,23,17,2021-03-16T12:14:40.420656092Z,2021-03-16T12:14:46.295740202Z,R3SP
G,23,17,2021-03-16T12:14:40.420656092Z,2021-03-16T12:14:46.295740202Z,R3SP
SG,26,NA,2021-03-16T12:14:38.420699944Z,2021-03-16T12:14:42.045718221Z,R3SP
SG,2,NA,2021-03-16T12:14:35.420618815Z,2021-03-16T12:14:37.545735538Z,R3SP
SG,4,NA,2021-03-16T12:14:34.670680752Z,2021-03-16T12:14:59.545866814Z,R3SP
SG,28,NA,2021-03-16T12:14:34.420611085Z,2021-03-16T12:15:01.295885552Z,R3SP
SG,13,NA,2021-03-16T12:14:32.670678375Z,2021-03-16T12:14:53.170778216Z,R3SP
A,23,17,2021-03-16T12:14:27.295608111Z,2021-03-16T12:14:38.295644065Z,R3SP
A,23,17,2021-03-16T12:14:27.295608111Z,2021-03-16T12:14:38.295644065Z,R3SP
SG,10,NA,2021-03-16T12:14:24.670575663Z,2021-03-16T12:14:46.920701572Z,R3SP
G,23,17,2021-03-16T12:14:20.920574587Z,2021-03-16T12:14:27.545628334Z,R3SP
G,23,17,2021-03-16T12:14:20.920574587Z,2021-03-16T12:14:27.545628334Z,R3SP
FR,4,28,2021-03-16T12:14:20.545606687Z,2021-03-16T12:14:22.920532773Z,R3SP
FR,28,4,2021-03-16T12:14:20.545606687Z,2021-03-16T12:14:22.920532773Z,R3SP
SG,11,NA,2021-03-16T12:14:20.045615362Z,2021-03-16T12:14:46.545762662Z,R3SP
SG,19,NA,2021-03-16T12:14:18.545634850Z,2021-03-16T12:14:34.545626620Z,R3SP
SG,8,NA,2021-03-16T12:14:17.920558056Z,2021-03-16T12:14:30.670703833Z,R3SP
SG,2,NA,2021-03-16T12:14:11.545501422Z,2021-03-16T12:14:16.545565342Z,R3SP
SG,18,NA,2021-03-16T12:14:02.920405318Z,2021-03-16T12:14:10.170488133Z,R3SP
SG,4,NA,2021-03-16T12:14:02.295383353Z,2021-03-16T12:14:07.295460953Z,R3SP
A,23,5,2021-03-16T12:14:00.420432044Z,2021-03-16T12:14:02.795388702Z,R3SP
SG,24,NA,2021-03-16T12:13:54.420348393Z,2021-03-16T12:14:11.920495872Z,R3SP
SG,18,NA,2021-03-16T12:13:50.920357754Z,2021-03-16T12:13:56.670347709Z,R3SP
G,23,5,2021-03-16T12:13:49.795348402Z,2021-03-16T12:13:58.795357048Z,R3SP
G,23,5,2021-03-16T12:13:49.795348402Z,2021-03-16T12:13:58.795357048Z,R3SP
CR,4,17,2021-03-16T12:13:47.295273318Z,2021-03-16T12:13:49.170286550Z,R3SP
CR,4,17,2021-03-16T12:13:47.295273318Z,2021-03-16T12:13:49.170286550Z,R3SP
CR,7,21,2021-03-16T12:13:44.795260079Z,2021-03-16T12:14:15.670598152Z,R3SP
CR,7,21,2021-03-16T12:13:44.795260079Z,2021-03-16T12:14:15.670598152Z,R3SP
TB,22,NA,2021-03-16T12:13:43.170301773Z,2021-03-16T12:14:18.045628091Z,R3SP
SG,2,NA,2021-03-16T12:13:41.170274090Z,2021-03-16T12:13:43.420301112Z,R3SP
SG,6,NA,2021-03-16T12:13:38.420263386Z,2021-03-16T12:13:44.795260079Z,R3SP
G,23,5,2021-03-16T12:13:35.045248967Z,2021-03-16T12:13:45.295310756Z,R3SP
G,23,5,2021-03-16T12:13:35.045248967Z,2021-03-16T12:13:45.295310756Z,R3SP
G,18,5,2021-03-16T12:13:33.420223611Z,2021-03-16T12:13:45.295310756Z,R3SP
G,18,5,2021-03-16T12:13:33.420223611Z,2021-03-16T12:13:45.295310756Z,R3SP
SG,6,NA,2021-03-16T12:13:32.170227521Z,2021-03-16T12:13:34.795243632Z,R3SP
SG,2,NA,2021-03-16T12:13:29.170186622Z,2021-03-16T12:13:37.545256313Z,R3SP
SG,27,NA,2021-03-16T12:13:28.920124452Z,2021-03-16T12:14:09.045435141Z,R3SP
SG,23,NA,2021-03-16T12:13:24.045162556Z,2021-03-16T12:13:30.795216445Z,R3SP
SG,19,NA,2021-03-16T12:13:23.295151420Z,2021-03-16T12:14:10.045489750Z,R3SP
SG,11,NA,2021-03-16T12:13:22.420107077Z,2021-03-16T12:13:23.670127837Z,R3SP
SG,12,NA,2021-03-16T12:13:22.170095934Z,2021-03-16T12:13:45.670261028Z,R3SP
G,26,17,2021-03-16T12:13:22.045100744Z,2021-03-16T12:14:29.170660433Z,R3SP
G,26,17,2021-03-16T12:13:22.045100744Z,2021-03-16T12:14:29.170660433Z,R3SP
SG,29,NA,2021-03-16T12:13:21.920107455Z,2021-03-16T12:13:29.795189659Z,R3SP
SG,8,NA,2021-03-16T12:13:21.795172395Z,2021-03-16T12:13:48.545333662Z,R3SP
SG,22,NA,2021-03-16T12:13:21.670072093Z,2021-03-16T12:13:40.795287727Z,R3SP
