Date,qPCR_Plate,qPCR_Well ,Ct1,Ct2,Colony,Code,Sample_Plate,Sample_position,MbruDNA
02/11/22,12,H8,31.72,32.1,R11SP,49-H4,49,H4,0.010265190184242
02/11/22,12,H7,31.21,31.95,R11SP,49-H3,49,H3,0.0126632738843
02/11/22,12,H6,33.81,33.48,R11SP,49-H2,49,H2,0.003403976083114
02/11/22,12,H5,30.69,31.51,R11SP,49-H1,49,H1,0.017185809759293
02/11/22,12,G9,31.66,32.56,R11SP,49-G5,49,G5,0.009038721392404
02/11/22,12,G8,30.4,31.39,R11SP,49-G4,49,G4,0.019579946463574
02/11/22,12,G7,31.4,31.59,R11SP,49-G3,49,G3,0.01336692465247
02/11/22,12,G6,35.48,34.97,R11SP,49-G2,49,G2,0.001245754601445
02/11/22,12,G5,31.86,32.78,R11SP,49-G1,49,G1,0.007908315735956
02/11/22,12,F9,25.96,26.69,R11SP,49-F5,49,F5,0.358511012025895
02/11/22,12,F8,29.47,29.96,R11SP,49-F4,49,F4,0.041480644923866
02/11/22,12,F7,32.57,32.42,R11SP,49-F3,49,F3,0.007075082363513
02/11/22,12,F6,33.38,33.64,R11SP,49-F2,49,F2,0.003709257641013
02/11/22,12,F5,30.84,31.1,R11SP,49-F1,49,F1,0.018667622073547
02/11/22,12,E9,30.17,30.89,R11SP,49-E5,49,E5,0.024697955284276
02/11/22,12,E8,29.71,30.04,R11SP,49-E4,49,E4,0.037466014770507
02/11/22,12,E7,33.67,33.28,R11SP,49-E3,49,E3,0.003792778670761
02/11/22,12,E6,33.74,34.86,R11SP,49-E2,49,E2,0.002243933591668
02/11/22,12,D9,31.66,31.61,R11SP,49-D5,49,D5,0.012227833034476
02/11/22,12,D8,32.24,32.79,R11SP,49-D4,49,D4,0.006985628727292
02/11/22,12,D7,34.15,34.34,R11SP,49-D3,49,D3,0.002323841482735
02/11/22,12,D6,32.74,32.82,R11SP,49-D2,49,D2,0.005901820546436
02/11/22,12,C9,31.74,33.35,R11SP,49-C5,49,C5,0.006853564431417
02/11/22,12,C8,23.94,24.3,R11SP,49-C4,49,C4,1.45795459841304
02/11/22,12,C7,35.02,33.79,R11SP,49-C3,49,C3,0.002098932634155
02/11/22,12,C6,26.38,27.43,R11SP,49-C2,49,C2,0.247884002533186
02/11/22,12,B9,22.42,22.92,R11SP,49-B5,49,B5,3.66757496873477
02/11/22,12,B7,31.19,31.68,R11SP,49-B3,49,B3,0.013887034038414
02/11/22,12,B6,35.42,34.41,R11SP,49-B2,49,B2,0.001517349060122
02/11/22,12,A9,25.49,25.67,R11SP,49-A5,49,A5,0.575898569807752
02/11/22,12,A8,25.71,25.92,R11SP,49-A4,49,A4,0.495924426766039
02/11/22,12,A7,29.17,29.16,R11SP,49-A3,49,A3,0.05885867754361
02/11/22,12,A6,34.31,36.12,R11SP,49-A2,49,A2,0.001253705410178
02/11/22,12,B10,37.14,37.69,R11SS,47-H1,47,H1,0.000309268366155
02/11/22,2,H11,31.43,32.16,R12BP,53-H9,53,H9,0.023402755750117
02/11/22,2,H9,32.19,33.75,R12BP,53-H7,53,H7,0.011048975231061
02/11/22,2,H8,34.45,35.64,R12BP,53-H6,53,H6,0.002935736010236
02/11/22,2,H7,33.94,35.86,R12BP,53-H5,53,H5,0.003220623814923
02/11/22,2,H6,34,31.15,R12BP,53-H4,53,H4,0.014219849502179
02/11/22,2,H5,34.83,35.25,R12BP,53-H3,53,H3,0.002945126815492
02/11/22,2,H4,33.98,35.19,R12BP,53-H2,53,H2,0.003938410675774
02/11/22,2,H3,31.99,33.82,R12BP,53-H1,53,H1,0.011517361541785
02/11/22,2,G11,28.42,29.23,R12BP,53-G9,53,G9,0.156007328510015
02/11/22,2,G10,32.97,33.64,R12BP,53-G8,53,G8,0.008920578103363
02/11/22,2,G9,31.44,32.59,R12BP,53-G7,53,G7,0.020334757610568
02/11/22,2,F8,35.12,36.97,R12BP,53-G6,53,G6,0.001549947543017
02/11/22,2,G7,32.28,33.65,R12BP,53-G5,53,G5,0.011084318591059
02/11/22,2,G6,30.88,32.21,R12BP,53-G4,53,G4,0.027454718807247
02/11/22,2,G5,32.48,33.34,R12BP,53-G3,53,G3,0.011480637384873
02/11/22,2,G4,34.23,36.52,R12BP,53-G2,53,G2,0.002377798233093
02/11/22,2,G3,32.69,36.48,R12BP,53-G1,53,G1,0.003938410675774
02/11/22,2,F11,34.59,35.44,R12BP,53-F9,53,F9,0.002992533356488
02/11/22,2,F10,30.19,31.48,R12BP,53-F8,53,F8,0.043208680092479
02/11/22,2,F9,32.72,33.74,R12BP,53-F7,53,F7,0.009358322339069
02/11/22,2,G8,34.14,35.13,R12BP,53-F6,53,F6,0.003814617527922
02/11/22,2,F7,34.53,36.38,R12BP,53-F5,53,F5,0.002259347328719
02/11/22,2,F6,31.25,32.7,R12BP,53-F4,53,F4,0.020860994088059
02/11/22,2,F5,32.88,34.94,R12BP,53-F3,53,F3,0.006061303075244
02/11/22,2,F4,33.38,34.95,R12BP,53-F2,53,F2,0.00515025817332
02/11/22,2,F3,32.14,34.13,R12BP,53-F1,53,F1,0.009943768385984
02/11/22,2,E11,35.31,34.43,R12BP,53-E9,53,E9,0.003282932852699
02/11/22,2,E10,33.32,34.03,R12BP,53-E8,53,E8,0.007042956402189
02/11/22,2,E9,32.25,34.03,R12BP,53-E7,53,E7,0.009912061774259
02/11/22,2,E8,33.29,34.18,R12BP,53-E6,53,E6,0.006778147260689
02/11/22,2,E7,33.63,34.57,R12BP,53-E5,53,E5,0.005368587056734
02/11/22,2,E6,32.16,33.98,R12BP,53-E4,53,E4,0.01036530295291
02/11/22,2,E5,32.77,36.14,R12BP,53-E3,53,E3,0.004279401159372
02/11/22,2,E4,28.41,30.64,R12BP,53-E2,53,E2,0.099761966193711
02/11/22,13,E2,33.03,32.83,R12BP,53-E10,53,E10,0.005575720560344
02/11/22,2,E3,29.33,31.35,R12BP,53-E1,53,E1,0.059276697545088
02/11/22,2,D10,30.61,31.68,R12BP,53-D8,53,D8,0.035446797154536
02/11/22,2,D9,30.81,32.26,R12BP,53-D7,53,D7,0.027630643533416
02/11/22,2,D8,32.51,33.6,R12BP,53-D6,53,D6,0.010465090779947
02/11/22,2,D7,34.52,35.06,R12BP,53-D5,53,D5,0.003455047321536
02/11/22,2,D6,31.56,32.59,R12BP,53-D4,53,D4,0.019570188103393
02/11/22,2,D5,31.29,32.83,R12BP,53-D3,53,D3,0.019758592297117
02/11/22,2,D4,33.18,35.42,R12BP,53-D2,53,D2,0.004724762688429
02/11/22,13,D2,33.61,33.91,R12BP,53-D10,53,D10,0.003177108160006
02/11/22,2,D3,30.68,32.34,R12BP,53-D1,53,D1,0.028075403069245
02/11/22,2,C11,32.72,33.67,R12BP,53-C9,53,C9,0.009569891193055
02/11/22,2,C10,32.47,33.66,R12BP,53-C8,53,C8,0.010398459388334
02/11/22,2,C9,33.4,33.98,R12BP,53-C7,53,C7,0.006975799668428
02/11/22,2,C8,32.46,33.38,R12BP,53-C6,53,C6,0.011407539992634
02/11/22,2,C7,32.66,33.55,R12BP,53-C5,53,C5,0.010136149326946
02/11/22,2,C6,21.72,22.56,R12BP,53-C4,53,C4,11.1574256113648
02/11/22,2,C5,33.06,34.68,R12BP,53-C3,53,C3,0.006218161536034
02/11/22,2,C4,29.41,31.46,R12BP,53-C2,53,C2,0.055786742137349
02/11/22,13,C2,34.6,34.77,R12BP,53-C10,53,C10,0.001697479350976
02/11/22,13,C8,33.79,37.45,R12BP,53-C10,53,C10,0.000900811662074
02/11/22,2,C3,22.54,24.01,R12BP,53-C1,53,C1,5.4039957649689
02/11/22,2,B11,30.77,31.42,R12BP,53-B9,53,B9,0.036597127579251
02/11/22,2,B10,33.19,34.06,R12BP,53-B8,53,B8,0.007271516601692
02/11/22,2,B9,33.18,34.44,R12BP,53-B7,53,B7,0.006461093115231
02/11/22,2,B8,32.39,33.88,R12BP,53-B6,53,B6,0.009943768385984
02/11/22,2,B7,32.93,36.03,R12BP,53-B5,53,B5,0.004211608562821
02/11/22,2,B6,31.15,32.49,R12BP,53-B4,53,B4,0.023032018462433
02/11/22,2,B5,23.03,24.72,R12BP,53-B3,53,B3,3.68362150738807
02/11/22,2,B4,28.48,30.27,R12BP,53-B2,53,B2,0.109793087984854
02/11/22,13,B2,24.33,32.82,R12BP,53-B10,53,B10,0.106654086427425
02/11/22,13,B8,24.05,33.48,R12BP,53-B10,53,B10,0.09376926244098
02/11/22,2,B3,32.57,34.12,R12BP,53-B1,53,B1,0.008695548865615
02/11/22,2,A11,35.39,35.4,R12BP,53-A9,53,A9,0.002347615671595
02/11/22,2,A10,32.93,34.02,R12BP,53-A8,53,A8,0.008002671684344
02/11/22,2,A9,30.35,31.62,R12BP,53-A7,53,A7,0.039260967714611
02/11/22,2,A8,33.59,33.64,R12BP,53-A6,53,A6,0.007318111126152
02/11/22,2,A7,32.78,35.17,R12BP,53-A5,53,A5,0.00581480292195
02/11/22,2,A6,22.91,23.57,R12BP,53-A4,53,A4,5.52616693513332
02/11/22,2,A5,25.56,26.95,R12BP,53-A3,53,A3,0.805495280174115
02/11/22,2,A4,30.31,31.69,R12BP,53-A2,53,A2,0.038886602433123
02/11/22,13,A2,34.39,33.84,R12BP,53-A10,53,A10,0.002497787569707
02/11/22,13,A8,34.41,34.29,R12BP,53-A10,53,A10,0.002130075513869
02/11/22,2,A3,32.43,34.35,R12BP,53-A1,53,A1,0.008449169059485
02/11/22,1,H9,34.86,34.18,R12BP,52-H9,52,H9,0.002284294005096
02/11/22,1,H8,25.36,25.05,R12BP,52-H8,52,H8,0.876461815320746
02/11/22,1,H7,33.44,33.73,R12BP,52-H7,52,H7,0.004150696702474
02/11/22,1,H6,35.16,34.54,R12BP,52-H6,52,H6,0.00185016303586
02/11/22,1,H5,34.57,33.68,R12BP,52-H5,52,H5,0.002939848835924
02/11/22,1,H4,34.58,33.23,R12BP,52-H4,52,H4,0.003383397312474
02/11/22,1,H3,36.95,36.95,R12BP,52-H3,52,H3,0.000483804607459
02/11/22,1,H2,36.87,34.61,R12BP,52-H2,52,H2,0.001047910036762
02/11/22,1,H11,35.29,36.48,R12BP,52-H11,52,H11,0.00095521470597
02/11/22,1,H10,32.78,32.69,R12BP,52-H10,52,H10,0.007143499192931
02/11/22,1,H1,32.43,31.58,R12BP,52-H1,52,H1,0.011387096471262
02/11/22,1,G9,33.39,34.47,R12BP,52-G9,52,G9,0.003329798857823
02/11/22,1,G8,33.26,34.59,R12BP,52-G8,52,G8,0.003340450187678
02/11/22,1,G7,31.57,31.69,R12BP,52-G7,52,G7,0.014468982787527
02/11/22,1,F6,28.07,28.14,R12BP,52-G6,52,G6,0.137490597720171
02/11/22,1,G5,31.33,31.03,R12BP,52-G5,52,G5,0.019287147420258
02/11/22,1,G4,23.73,23.22,R12BP,52-G4,52,G4,2.64627515884027
02/11/22,1,G3,36.16,35.67,R12BP,52-G3,52,G3,0.000937085029894
02/11/22,1,G2,34.07,32.46,R12BP,52-G2,52,G2,0.005092007093702
02/11/22,1,G11,33.75,34.57,R12BP,52-G11,52,G11,0.002874855364571
02/11/22,1,G10,35.3,34.63,R12BP,52-G10,52,G10,0.001719131111835
02/11/22,1,G1,33.81,32.36,R12BP,52-G1,52,G1,0.005712431430101
02/11/22,1,F9,34.24,34.12,R12BP,52-F9,52,F9,0.002838363412634
02/11/22,1,F8,35.94,35.29,R12BP,52-F8,52,F8,0.001135008202216
02/11/22,1,F7,33.17,33.65,R12BP,52-F7,52,F7,0.004641581708516
02/11/22,1,G6,28.72,28.62,R12BP,52-F6,52,F6,0.095838939629659
02/11/22,1,F5,33.99,33.99,R12BP,52-F5,52,F5,0.003204601266562
02/11/22,1,F4,34.19,34.58,R12BP,52-F4,52,F4,0.00249000947684
02/11/22,1,F3,34.28,33.69,R12BP,52-F3,52,F3,0.003214852115518
02/11/22,1,F2,33.41,33.12,R12BP,52-F2,52,F2,0.005092007093702
02/11/22,1,F11,35.71,36.6,R12BP,52-F11,52,F11,0.000803901797995
02/11/22,1,F10,32.58,33.59,R12BP,52-F10,52,F10,0.005712431430101
02/11/22,1,F1,33.16,32.61,R12BP,52-F1,52,F1,0.006490841437016
02/11/22,1,E9,31.67,32.25,R12BP,52-E9,52,E9,0.011719146948796
02/11/22,1,E8,33.64,33.81,R12BP,52-E8,52,E8,0.003795639871005
02/11/22,1,E7,31.6,32.34,R12BP,52-E7,52,E7,0.011644530962549
02/11/22,1,E6,32.53,32.25,R12BP,52-E6,52,E6,0.008904591481425
02/11/22,1,E5,34.9,33.87,R12BP,52-E5,52,E5,0.00249000947684
02/11/22,1,E4,33.71,35.02,R12BP,52-E4,52,E4,0.002522022751021
02/11/22,1,E3,34.39,34.34,R12BP,52-E3,52,E3,0.002522022751021
02/11/22,1,E2,32.83,31.67,R12BP,52-E2,52,E2,0.009737556711103
02/11/22,13,E1,35.76,35.91,R12BP,52-E12,52,E12,0.000778680860259
02/11/22,1,E11,  No Ct ,  No Ct ,R12BP,52-E11,52,E11,0
02/11/22,1,E10,35.9,35.23,R12BP,52-E10,52,E10,0.001171841839445
02/11/22,1,E1,30.36,29.78,R12BP,52-E1,52,E1,0.039190607897065
02/11/22,1,D9,33.36,34.44,R12BP,52-D9,52,D9,0.003394220092572
02/11/22,1,D8,30.81,31.26,R12BP,52-D8,52,D8,0.021158798368463
02/11/22,1,D7,33.19,33.04,R12BP,52-D7,52,D7,0.005604011269914
02/11/22,1,D6,31.41,31.75,R12BP,52-D6,52,D6,0.014938534692107
02/11/22,1,D5,32.6,32.95,R12BP,52-D5,52,D5,0.006963298295679
02/11/22,1,D4,23.35,22.96,R12BP,52-D4,52,D4,3.24640725318971
02/11/22,1,D3,29.71,29.32,R12BP,52-D3,52,D3,0.055864896693936
02/11/22,1,D2,23.89,23.33,R12BP,52-D2,52,D2,2.42764958824307
02/11/22,13,D1,36.65,35.5,R12BP,52-D12,52,D12,0.000661801123347
02/11/22,1,D11,30.31,30.21,R12BP,52-D11,52,D11,0.034711709295821
02/11/22,1,D10,33.61,33.87,R12BP,52-D10,52,D10,0.003759447289124
02/11/22,1,D1,35.6,34.74,R12BP,52-D1,52,D1,0.001508141184933
02/11/22,1,C9,35.53,35.22,R12BP,52-C9,52,C9,0.001323046170262
02/11/22,1,C8,34.04,33.88,R12BP,52-C8,52,C8,0.003266600317941
02/11/22,1,C7,34.65,34.52,R12BP,52-C7,52,C7,0.002191396683277
02/11/22,1,C6,35.87,35.45,R12BP,52-C6,52,C6,0.001102848863555
02/11/22,1,C5,33.13,33.04,R12BP,52-C5,52,C5,0.005712431430101
02/11/22,1,C4,26.34,25.99,R12BP,52-C4,52,C4,0.47471067721474
02/11/22,1,C3,33.83,33.92,R12BP,52-C3,52,C3,0.003448855510348
02/11/22,1,C2,36.99,35.65,R12BP,52-C2,52,C2,0.000723489112535
02/11/22,13,C1,34.02,34.91,R12BP,52-C12,52,C12,0.00197038231103
02/11/22,13,C7,34.26,33.81,R12BP,52-C12,52,C12,0.002636935457568
02/11/22,1,C11,32.44,33.4,R12BP,52-C11,52,C11,0.006347343474862
02/11/22,1,C10,32.95,32.71,R12BP,52-C10,52,C10,0.006722920876814
02/11/22,1,C1,36.47,34.23,R12BP,52-C1,52,C1,0.00134434272095
02/11/22,1,B9,34.49,34.1,R12BP,52-B9,52,B9,0.002637345333778
02/11/22,1,B8,36.25,35.58,R12BP,52-B8,52,B8,0.000937085029894
02/11/22,1,B7,33.45,33.55,R12BP,52-B7,52,B7,0.004382278761037
02/11/22,1,B6,23.64,24.01,R12BP,52-B6,52,B6,2.11614294084508
02/11/22,1,B5,22.89,22.9,R12BP,52-B5,52,B5,3.83289568694201
02/11/22,1,B4,37.06,  No Ct ,R12BP,52-B4,52,B4,0.000450978668465
02/11/22,1,B3,37.38,36.4,R12BP,52-B3,52,B3,0.000502705920432
02/11/22,1,B2,26.64,26.32,R12BP,52-B2,52,B2,0.388193268325311
02/11/22,13,B1,36.67,33.7,R12BP,52-B12,52,B12,0.001209635433484
02/11/22,13,B7,35.77,32.45,R12BP,52-B12,52,B12,0.00250626506218
02/11/22,1,B11,31.99,33.32,R12BP,52-B11,52,B11,0.007518011747526
02/11/22,1,B10,29.23,29.26,R12BP,52-B10,52,B10,0.066379962083208
02/11/22,1,B1,35.26,35.15,R12BP,52-B1,52,B1,0.001474799562159
02/11/22,1,A9,32.66,33.75,R12BP,52-A9,52,A9,0.005290941990679
02/11/22,1,A8,27.36,27.83,R12BP,52-A8,52,A8,0.190435100741036
02/11/22,1,A7,35.83,35.56,R12BP,52-A7,52,A7,0.001078467345994
02/11/22,1,A6,34.34,35.14,R12BP,52-A6,52,A6,0.001984833128238
02/11/22,1,A5,36.72,36.66,R12BP,52-A5,52,A5,0.000571207630043
02/11/22,1,A4,33.34,33.28,R12BP,52-A4,52,A4,0.004947730091762
02/11/22,1,A3,32.89,33.22,R12BP,52-A3,52,A3,0.005822949182631
02/11/22,1,A2,29.79,29.49,R12BP,52-A2,52,A2,0.051577940876503
02/11/22,13,A1,34.58,32.83,R12BP,52-A12,52,A12,0.003297755854391
02/11/22,13,A7,34.71,32.6,R12BP,52-A12,52,A12,0.003411406715117
02/11/22,1,A11,32.12,33.29,R12BP,52-A11,52,A11,0.007281703648542
02/11/22,1,A10,22.42,23.18,R12BP,52-A10,52,A10,4.07267730023297
02/11/22,1,A1,30.04,29.6,R12BP,52-A1,52,A1,0.045976086371521
02/11/22,2,H2,31.6,33.07,R12BP,51-H12,51,H12,0.016575666491939
02/11/22,2,H1,39.07,36.51,R12BP,51-H11,51,H11,0.000508456729898
02/11/22,2,G2,34.99,35.91,R12BP,51-G12,51,G12,0.002266574508102
02/11/22,2,G1,37.1,36.36,R12BP,51-G11,51,G11,0.001000686405826
02/11/22,2,F2,35.21,35.23,R12BP,51-F12,51,F12,0.002625258056896
02/11/22,2,F1,34.6,36.4,R12BP,51-F11,51,F11,0.00219533094914
02/11/22,2,E2,32.89,34.65,R12BP,51-E12,51,E12,0.006628297610451
02/11/22,2,E1,31.43,32.86,R12BP,51-E11,51,E11,0.018714447064014
02/11/22,2,D2,34.05,37.61,R12BP,51-D12,51,D12,0.001778107443489
02/11/22,2,D1,32.65,35.47,R12BP,51-D11,51,D11,0.005507518948422
02/11/22,2,C2,35.07,35.82,R12BP,51-C12,51,C12,0.002273824805721
02/11/22,2,C1,34.1,34.35,R12BP,51-C11,51,C11,0.004956612867641
02/11/22,2,B2,32.96,33.94,R12BP,51-B12,51,B12,0.008131487523882
02/11/22,2,B1,32.73,33.94,R12BP,51-B11,51,B11,0.008751268323673
02/11/22,2,A2,32.88,34.49,R12BP,51-A12,51,A12,0.006998113792028
02/11/22,2,A1,33.57,35.55,R12BP,51-A11,51,A11,0.00097846208142
02/11/22,12,C10,22.76,23.2,R12SP,54-D2,54,D2,3.01110569316123
02/11/22,12,D10,37.41,36.63,R13SS,56-E2,56,E2,0.000397625291044
02/11/22,12,E10,21.97,22.38,R14SP,62-C2,62,C2,5.02513229765468
02/11/22,12,F10,35.79,36.59,R14SP,60-C3,60,C3,0.000674222124922
02/11/22,12,H3,21.56,22.23,R1SP,5-H1,5,1,6.00497909718677
02/11/22,12,G3,33.42,33.68,R1SP,5-G1,5,1,0.003616054771452
02/11/22,12,F4,29.23,29.98,R1SP,5-F2,5,2,0.044487551114501
02/11/22,12,F3,25.81,26.35,R1SP,5-F1,5,1,0.418982612106531
02/11/22,12,E4,31.47,32,R1SP,5-E2,5,2,0.011474122970677
02/11/22,12,E3,26.57,26.89,R1SP,5-E1,5,1,0.277077333832124
02/11/22,12,D4,30.36,30.39,R1SP,5-D2,5,2,0.027257592841408
02/11/22,12,D3,27.68,28.31,R1SP,5-D1,5,1,0.12390290817609
02/11/22,12,C4,25.73,26.22,R1SP,5-C2,5,2,0.447927266617342
02/11/22,12,C3,30.11,30.35,R1SP,5-C1,5,1,0.029891726503931
02/11/22,12,B4,29.08,29.92,R1SP,5-B2,5,2,0.047560892966487
02/11/22,12,B3,29.77,30.29,R1SP,5-B1,5,1,0.033947750370542
02/11/22,12,A4,30.54,31.51,R1SP,5-A2,5,2,0.018025714989
02/11/22,12,A3,22.08,22.43,R1SP,5-A1,5,1,4.77577106555916
02/11/22,12,H2,28.02,28.47,R1SP,4-H12,4,12,0.105683332651161
02/11/22,12,H1,33.82,34.11,R1SP,4-H11,4,11,0.00277696560059
02/11/22,12,C5,29.87,30,R1SP,4-H10,4,10,0.036062804705483
02/11/22,12,G2,32.16,32.82,R1SP,4-G12,4,12,0.007097624185252
02/11/22,12,G1,31.35,31.6,R1SP,4-G11,4,11,0.013538093213231
02/11/22,12,F2,29.09,29.44,R1SP,4-F12,4,12,0.055230693952289
02/11/22,12,F1,29.44,30.17,R1SP,4-F11,4,11,0.039172248417918
02/11/22,12,A5,33.73,33.5,R1SP,4-F10,4,10,0.003469568769823
02/11/22,12,E2,30.93,31.08,R1SP,4-E12,4,12,0.018256541134247
02/11/22,12,E1,33.05,34.43,R1SP,4-E11,4,11,0.003204335638356
02/11/22,12,H4,31.84,32.81,R1SP,4-E10,4,10,0.007883199184427
02/11/22,12,D2,29.29,29.79,R1SP,4-D12,4,12,0.046365825885045
02/11/22,12,D1,30.95,31.37,R1SP,4-D11,4,11,0.016542151730075
02/11/22,12,G4,32.07,32.62,R1SP,4-D10,4,10,0.007783528142329
02/11/22,12,C2,32.52,32.61,R1SP,4-C12,4,12,0.006766911551921
02/11/22,12,C1,31.93,31.79,R1SP,4-C11,4,11,0.010596977201778
02/11/22,12,B2,32.1,32.19,R1SP,4-B12,4,12,0.008839679111313
02/11/22,12,B1,32.33,32.22,R1SP,4-B11,4,11,0.008137996523697
02/11/22,12,A2,32.07,32.11,R1SP,4-A12,4,12,0.00915446566209
02/11/22,12,A1,30.79,30.65,R1SP,4-A11,4,11,0.02188587931154
02/11/22,12,A10,37.19,  No Ct ,R1SS,2-D12,2,12,0.000356864214406
02/11/22,11,H8,35.34,34.37,R2SP,9-H4,9,4,0.001576389378553
02/11/22,11,H7,33.51,34.11,R2SP,9-H3,9,3,0.003064763734659
02/11/22,11,H6,35.81,37.32,R2SP,9-H2,9,2,0.00053111736377
02/11/22,11,F5,32.6,32.16,R2SP,9-H1,9,1,0.007612126554746
02/11/22,11,G8,33.31,34.28,R2SP,9-G4,9,4,0.00309415096998
02/11/22,11,G7,29.83,29.81,R2SP,9-G3,9,3,0.038800203196632
02/11/22,11,G6,21.93,21.77,R2SP,9-G2,9,2,6.17938138149895
02/11/22,11,E5,34.54,33.94,R2SP,9-G1,9,1,0.002331245441836
02/11/22,11,F8,29.33,29.57,R2SP,9-F4,9,4,0.049098135486642
02/11/22,11,F7,37.27,36.6,R2SP,9-F3,9,3,0.00041971984132
02/11/22,11,F6,27.34,27.66,R2SP,9-F2,9,2,0.169765720116636
02/11/22,11,D5,32.44,32.46,R2SP,9-F1,9,1,0.007280563599321
02/11/22,11,E8,28.29,28.46,R2SP,9-E4,9,4,0.097294322893145
02/11/22,11,E7,34.05,34.02,R2SP,9-E3,9,3,0.00265600874116
02/11/22,11,E6,22.7,22.52,R2SP,9-E2,9,2,3.81028095492717
02/11/22,11,D8,35.89,36.41,R2SP,9-D4,9,4,0.000691600024521
02/11/22,11,D7,30.27,30.31,R2SP,9-D3,9,3,0.028772195330195
02/11/22,11,C8,33.63,33.96,R2SP,9-C4,9,4,0.00309415096998
02/11/22,11,C7,32.52,32.93,R2SP,9-C3,9,3,0.0061119881
02/11/22,11,C6,35.53,35.29,R2SP,9-C2,9,2,0.001107431825095
02/11/22,11,H5,33.99,34.5,R2SP,9-B5,9,5,0.002323841482735
02/11/22,11,B8,33.09,34.03,R2SP,9-B4,9,4,0.00359312230293
02/11/22,11,B7,34.52,34.51,R2SP,9-B3,9,3,0.001957066126036
02/11/22,11,B6,35.67,35.07,R2SP,9-B2,9,2,0.001135975591843
02/11/22,11,G5,32.85,32.06,R2SP,9-A5,9,5,0.007257440768
02/11/22,11,A8,33.69,33.53,R2SP,9-A4,9,4,0.003480623114734
02/11/22,11,A7,33.86,35.15,R2SP,9-A3,9,3,0.00196955675495
02/11/22,11,A6,27.43,27.49,R2SP,9-A2,9,2,0.174141387319711
02/11/22,12,G10,  No Ct ,  No Ct ,R2SS,7-G1,7,1,0
02/11/22,4,H6,34.71,33.82,R3BP,13-H6,13,H6,0.001905105364782
02/11/22,4,H5,32.03,31.67,R3BP,13-H5,13,H5,0.009847137449878
02/11/22,4,H4,27.22,27.39,R3BP,13-H4,13,H4,0.216722000053793
02/11/22,4,H3,32.25,32.31,R3BP,13-H3,13,H3,0.007350011185348
02/11/22,4,H2,32.99,33.44,R3BP,13-H2,13,H2,0.003891248802141
02/11/22,4,H1,35.46,34.57,R3BP,13-H1,13,H1,0.001143849798469
02/11/22,4,G6,32.89,32.87,R3BP,13-G6,13,G6,0.004887063701822
02/11/22,4,G5,33.67,33.3,R3BP,13-G5,13,G5,0.003238403796773
02/11/22,4,G4,28.31,28.18,R3BP,13-G4,13,G4,0.114347585837303
02/11/22,4,G3,31.88,31.4,R3BP,13-G3,13,G3,0.01135910201713
02/11/22,4,G2,31.47,31.31,R3BP,13-G2,13,G2,0.013464616862037
02/11/22,4,G1,35.58,34.51,R3BP,13-G1,13,G1,0.001120745490274
02/11/22,4,F6,31.68,31.03,R3BP,13-F6,13,F6,0.013789007251846
02/11/22,4,F5,31.49,31.22,R3BP,13-F5,13,F5,0.013789007251846
02/11/22,4,F4,33.81,32.87,R3BP,13-F4,13,F4,0.003574077784109
02/11/22,4,F3,31.89,31.9,R3BP,13-F3,13,F3,0.009550299689319
02/11/22,4,F2,33.45,34.01,R3BP,13-F2,13,F2,0.002741309051019
02/11/22,4,F1,28.63,28.24,R3BP,13-F1,13,F1,0.100484945199528
02/11/22,4,E6,28.8,28.49,R3BP,13-E6,13,E6,0.087109796666235
02/11/22,4,E5,30.56,30.38,R3BP,13-E5,13,E5,0.025174566451124
02/11/22,4,E4,32.39,33.03,R3BP,13-E4,13,E4,0.005486128806439
02/11/22,4,E3,31.35,31.33,R3BP,13-E3,13,E3,0.013930413246964
02/11/22,4,E2,31.78,31.39,R3BP,13-E2,13,E2,0.011792095833261
02/11/22,4,D6,33.18,33.33,R3BP,13-D6,13,D6,0.0037868055068
02/11/22,4,D5,33.12,33.6,R3BP,13-D5,13,D5,0.00352578641435
02/11/22,4,D4,23.25,23.37,R3BP,13-D4,13,D4,3.28114935851697
02/11/22,4,D3,26.99,26.74,R3BP,13-D3,13,D3,0.292333778505593
02/11/22,4,D2,31.93,31.41,R3BP,13-D2,13,D2,0.011129662632544
02/11/22,4,D1,25.11,25.12,R3BP,13-D1,13,D1,0.96123372572394
02/11/22,4,C6,31.08,30.89,R3BP,13-C6,13,C6,0.017734992126429
02/11/22,4,C5,32.47,32.82,R3BP,13-C5,13,C5,0.005734122939807
02/11/22,4,C4,30.93,31.07,R3BP,13-C4,13,C4,0.017554966296212
02/11/22,4,C3,35.15,34.54,R3BP,13-C3,13,C3,0.001284064974901
02/11/22,4,C2,22.73,22.51,R3BP,13-C2,13,C2,5.24628645472454
02/11/22,4,C1,25.23,24.93,R3BP,13-C1,13,C1,0.984391828637703
02/11/22,13,B6,34.55,34.91,R3BP,13-B7,13,B7,0.001646497213284
02/11/22,4,B6,28.36,28.32,R3BP,13-B6,13,B6,0.107192401300464
02/11/22,4,B5,21.64,21.76,R3BP,13-B5,13,B5,9.80889306612711
02/11/22,4,B4,31.13,31.24,R3BP,13-B4,13,B4,0.015479288691971
02/11/22,4,B3,26.4,26.38,R3BP,13-B3,13,B3,0.403825742251506
02/11/22,4,B2,33.24,33.71,R3BP,13-B2,13,B2,0.003260505971958
02/11/22,4,B1,33.11,32.49,R3BP,13-B1,13,B1,0.005160359997798
02/11/22,13,A6,27.63,27.5,R3BP,13-A7,13,A7,0.211456237297274
02/11/22,4,A6,33.86,33.01,R3BP,13-A6,13,A6,0.003350433481459
02/11/22,4,A5,32.83,32.99,R3BP,13-A5,13,A5,0.004788351243171
02/11/22,4,A4,31.85,32.16,R3BP,13-A4,13,A4,0.008861821541426
02/11/22,4,A3,23.85,23.7,R3BP,13-A3,13,A3,2.3914703458239
02/11/22,4,A2,22.15,21.78,R3BP,13-A2,13,A2,8.19103911798827
02/11/22,4,A1,35.2,34.43,R3BP,13-A1,13,A1,0.00131053613466
02/11/22,3,H9,33.54,34.72,R3BP,12-H9,12,H9,0.001838645486569
02/11/22,3,H8,31.61,32.09,R3BP,12-H8,12,H8,0.009137134124681
02/11/22,3,H7,29.13,29.48,R3BP,12-H7,12,H7,0.054708272316
02/11/22,3,H6,34.9,35.73,R3BP,12-H6,12,H6,0.000799096079592
02/11/22,3,H5,22.95,23.36,R3BP,12-H5,12,H5,4.13297710999751
02/11/22,3,H4,33.81,35.56,R3BP,12-H4,12,H4,0.001244517477375
02/11/22,3,H3,34.35,34.29,R3BP,12-H3,12,H3,0.001608688658555
02/11/22,3,H2,33.53,33.71,R3BP,12-H2,12,H2,0.002631794651575
02/11/22,3,H11,31.12,31.54,R3BP,12-H11,12,H11,0.013170977262012
02/11/22,3,H10,33.89,33.41,R3BP,12-H10,12,H10,0.002576855110209
02/11/22,3,H1,33.54,33.93,R3BP,12-H1,12,H1,0.002427342164873
02/11/22,3,G9,35.56,34.76,R3BP,12-G9,12,G9,0.000891119608219
02/11/22,3,G8,31.48,31.3,R3BP,12-G8,12,G8,0.012626820305776
02/11/22,3,G7,38.36,38.1,R3BP,12-G7,12,G7,0.000102886406751
02/11/22,3,G6,32.76,32.34,R3BP,12-G6,12,G6,0.005585087738237
02/11/22,3,G5,32.42,32.99,R3BP,12-G5,12,G5,0.005008330727594
02/11/22,3,G4,28.97,29.12,R3BP,12-G4,12,G4,0.065683607915514
02/11/22,3,G3,33.89,35.05,R3BP,12-G3,12,G3,0.001447644751079
02/11/22,3,G2,21.99,22.33,R3BP,12-G2,12,G2,8.32024280022926
02/11/22,3,G11,34.59,33.75,R3BP,12-G11,12,G11,0.001787647969734
02/11/22,3,G10,33.76,34.09,R3BP,12-G10,12,G10,0.002123757863921
02/11/22,3,G1,35.59,36.02,R3BP,12-G1,12,G1,0.000566178013089
02/11/22,3,F9,29.14,29.26,R3BP,12-F9,12,F9,0.058900638135073
02/11/22,3,F8,32.16,31.86,R3BP,12-F8,12,F8,0.008164808441493
02/11/22,3,F7,33.73,33.22,R3BP,12-F7,12,F7,0.00291430499054
02/11/22,3,F6,34.36,34.79,R3BP,12-F6,12,F6,0.001344605861098
02/11/22,3,F5,34.77,34.24,R3BP,12-F5,12,F5,0.001412449730179
02/11/22,3,F4,34.09,34.25,R3BP,12-F4,12,F4,0.001787647969734
02/11/22,3,F3,37.72,37.33,R3BP,12-F3,12,F3,0.000168913748575
02/11/22,3,F2,33.41,34.02,R3BP,12-F2,12,F2,0.002461721960956
02/11/22,3,F11,34.83,35.15,R3BP,12-F11,12,F11,0.001004278117892
02/11/22,3,F10,38.16,36.34,R3BP,12-F10,12,F10,0.000204950980333
02/11/22,3,F1,31.82,32.04,R3BP,12-F1,12,F1,0.008637299915613
02/11/22,3,E9,22.03,21.62,R3BP,12-E9,12,E9,10.5304031936311
02/11/22,3,E8,25.16,24.99,R3BP,12-E8,12,E8,1.07126027379227
02/11/22,3,E7,32.38,32.64,R3BP,12-E7,12,E7,0.005744417545211
02/11/22,3,E6,33.49,32.8,R3BP,12-E6,12,E6,0.003675504848664
02/11/22,3,E5,29.36,28.94,R3BP,12-E5,12,E5,0.061008451220829
02/11/22,3,E4,32.37,32.17,R3BP,12-E4,12,E4,0.006800518086639
02/11/22,3,E3,30.79,31.19,R3BP,12-E3,12,E3,0.016728384417832
02/11/22,3,E2,33.04,33.22,R3BP,12-E2,12,E2,0.003714479792125
02/11/22,13,E3,33.51,33.55,R3BP,12-E12,12,E12,0.003712966236251
02/11/22,3,E11,33.68,32.86,R3BP,12-E11,12,E11,0.003366216155716
02/11/22,3,E10,34.86,34.77,R3BP,12-E10,12,E10,0.001135792508965
02/11/22,3,E1,  No Ct ,37.44,R3BP,12-E1,12,E1,0.000179318046916
02/11/22,3,D9,30.21,29.75,R3BP,12-D9,12,D9,0.034033608600669
02/11/22,3,D8,30.07,29.79,R3BP,12-D8,12,D8,0.035251532341995
02/11/22,3,D7,35.25,34.56,R3BP,12-D7,12,D7,0.001066136961493
02/11/22,3,D6,33.56,33.25,R3BP,12-D6,12,D6,0.003061350107597
02/11/22,3,D5,33.23,33.84,R3BP,12-D5,12,D5,0.002793900915607
02/11/22,3,D4,32.43,33.05,R3BP,12-D4,12,D4,0.004886568600181
02/11/22,3,D3,36.05,37.63,R3BP,12-D3,12,D3,0.000273441230671
02/11/22,3,D2,34.79,35.1,R3BP,12-D2,12,D2,0.001036566096397
02/11/22,13,D3,28.85,28.99,R3BP,12-D12,12,D12,0.084419738005762
02/11/22,3,D11,35.9,35.81,R3BP,12-D11,12,D11,0.000546616830975
02/11/22,3,D10,34.25,34.25,R3BP,12-D10,12,D10,0.001689857174847
02/11/22,3,D1,33.11,33.01,R3BP,12-D1,12,D1,0.003901898788288
02/11/22,3,C9,26.16,25.83,R3BP,12-C9,12,C9,0.560953678126358
02/11/22,3,C8,30.78,30.58,R3BP,12-C8,12,C8,0.020803097282998
02/11/22,3,C7,35.17,34.69,R3BP,12-C7,12,C7,0.001047557812274
02/11/22,3,C6,27.16,26.92,R3BP,12-C6,12,C6,0.269019647937794
02/11/22,3,C5,27.99,27.87,R3BP,12-C5,12,C5,0.14387256950664
02/11/22,3,C4,31.73,31.52,R3BP,12-C4,12,C4,0.010703479953215
02/11/22,3,C3,32.58,33.56,R3BP,12-C3,12,C3,0.003874556515222
02/11/22,3,C2,35.03,34.78,R3BP,12-C2,12,C2,0.001066136961493
02/11/22,13,C3,28.82,32.21,R3BP,12-C12,12,C12,0.028644121024548
02/11/22,13,C9,28.68,32.04,R3BP,12-C12,12,C12,0.031816470474698
02/11/22,3,C11,31.14,31.27,R3BP,12-C11,12,C11,0.01438112959739
02/11/22,3,C10,37.53,37.48,R3BP,12-C10,12,C10,0.000171306167871
02/11/22,3,C1,28.14,28.48,R3BP,12-C1,12,C1,0.110135163281959
02/11/22,3,B9,32.12,32.04,R3BP,12-B9,12,B9,0.007772630098334
02/11/22,3,B8,33.11,33.39,R3BP,12-B8,12,B8,0.003413893745911
02/11/22,3,B7,29.65,29.4,R3BP,12-B7,12,B7,0.046866767462776
02/11/22,3,B6,35.16,34.21,R3BP,12-B6,12,B6,0.001244517477375
02/11/22,3,B5,33.52,33.53,R3BP,12-B5,12,B5,0.002813617133825
02/11/22,3,B4,31.23,31.75,R3BP,12-B4,12,B4,0.011769391240642
02/11/22,3,B3,29.16,30.54,R3BP,12-B3,12,B3,0.037291512655141
02/11/22,3,B2,32.93,32.57,R3BP,12-B2,12,B2,0.004852326324749
02/11/22,13,B3,29.75,28.38,R3BP,12-B12,12,B12,0.076519213940851
02/11/22,13,B9,29.77,28.76,R3BP,12-B12,12,B12,0.066820619853239
02/11/22,3,B11,37.11,35.37,R3BP,12-B11,12,B11,0.000416969222656
02/11/22,3,B10,27.65,27.21,R3BP,12-B10,12,B10,0.204492789871515
02/11/22,3,B1,35.25,35.49,R3BP,12-B1,12,B1,0.000768779864528
02/11/22,3,A9,32.68,32.14,R3BP,12-A9,12,A9,0.006162912475392
02/11/22,3,A8,33.36,32.69,R3BP,12-A8,12,A8,0.003999125193212
02/11/22,3,A7,27.41,26.98,R3BP,12-A7,12,A7,0.241238711411683
02/11/22,3,A6,37.64,33.48,R3BP,12-A6,12,A6,0.000672629638517
02/11/22,3,A5,27.28,27.07,R3BP,12-A5,12,A5,0.244655509350369
02/11/22,3,A4,33.91,34.42,R3BP,12-A4,12,A4,0.001793944487738
02/11/22,3,A3,34.06,34.8,R3BP,12-A3,12,A3,0.001488942752036
02/11/22,3,A2,37.62,36.91,R3BP,12-A2,12,A2,0.000202800490004
02/11/22,13,A3,33.78,32.26,R3BP,12-A12,12,A12,0.005245827434009
02/11/22,13,A9,33.46,32.57,R3BP,12-A12,12,A12,0.005263631775391
02/11/22,3,A11,33.99,  No Ct ,R3BP,12-A11,12,A11,0.00202886897003
02/11/22,3,A10,32.75,32.14,R3BP,12-A10,12,A10,0.006013080250869
02/11/22,3,A1,33.3,33.42,R3BP,12-A1,12,A1,0.003159773845712
02/11/22,4,H8,35.38,33.79,R3BP,11-H9,11,H9,0.001532466536921
02/11/22,4,H7,33.22,33.41,R3BP,11-H8,11,H8,0.003635373189372
02/11/22,13,C6,34.84,34.76,R3BP,11-H7,11,H7,0.001570218175235
02/11/22,4,H11,29.63,29.59,R3BP,11-H12,11,H12,0.045186218703862
02/11/22,4,H10,34.75,34.63,R3BP,11-H11,11,H11,0.00142683580834
02/11/22,4,H9,29.65,29.47,R3BP,11-H10,11,H10,0.046749395549995
02/11/22,4,G8,32.39,32.19,R3BP,11-G9,11,G9,0.007300187251202
02/11/22,4,G11,33.53,33.87,R3BP,11-G12,11,G12,0.002797821479329
02/11/22,4,G10,35.29,36.71,R3BP,11-G11,11,G11,0.000585328943833
02/11/22,4,G9,34.41,34.71,R3BP,11-G10,11,G10,0.001558748325708
02/11/22,4,F8,35.98,34.66,R3BP,11-F9,11,F9,0.000929548383584
02/11/22,4,F7,31.85,31.65,R3BP,11-F8,11,F8,0.010540227869419
02/11/22,4,F11,36.93,35.09,R3BP,11-F12,11,F12,0.000581361141605
02/11/22,4,F10,26.42,26.74,R3BP,11-F11,11,F11,0.354868948768519
02/11/22,4,F9,32.19,33.29,R3BP,11-F10,11,F10,0.005375315996129
02/11/22,4,E8,31.87,31.41,R3BP,11-E9,11,E9,0.01135910201713
02/11/22,4,E7,33.22,33.47,R3BP,11-E8,11,E8,0.003561943283905
02/11/22,4,E11,31.57,31.88,R3BP,11-E12,11,E12,0.01072099269264
02/11/22,4,E10,33.21,33.52,R3BP,11-E11,11,E11,0.003513815870185
02/11/22,4,E9,36.11,35.59,R3BP,11-E10,11,E10,0.000648201452692
02/11/22,4,D8,29.29,29.09,R3BP,11-D9,11,D9,0.060127618098355
02/11/22,4,D7,30.35,30.21,R3BP,11-D8,11,D8,0.028647583898969
02/11/22,4,D11,32.65,33.07,R3BP,11-D12,11,D12,0.004953999974336
02/11/22,4,D10,33.1,33.36,R3BP,11-D11,11,D11,0.003851749190797
02/11/22,4,D9,35.69,34.93,R3BP,11-D10,11,D10,0.000935892571186
02/11/22,4,C8,32.47,32.27,R3BP,11-C9,11,C9,0.006913564198442
02/11/22,4,C7,25.76,25.72,R3BP,11-C8,11,C8,0.628353444306921
02/11/22,4,C11,32.39,31.82,R3BP,11-C12,11,C12,0.008279097554228
02/11/22,4,C10,32.97,33.66,R3BP,11-C11,11,C11,0.003635373189372
02/11/22,4,C9,34.9,33.7,R3BP,11-C10,11,C10,0.00186028720923
02/11/22,4,B8,30.29,30.42,R3BP,11-B9,11,B9,0.027222813006299
02/11/22,4,B7,21.76,21.7,R3BP,11-B8,11,B8,9.61076592674836
02/11/22,4,B11,31.87,31.59,R3BP,11-B12,11,B12,0.010684593404243
02/11/22,4,B10,32.53,32.62,R3BP,11-B11,11,B11,0.006013744877787
02/11/22,4,B9,22.33,22.22,R3BP,11-B10,11,B10,6.63384011204103
02/11/22,4,A8,31.97,32,R3BP,11-A9,11,A9,0.008983198576362
02/11/22,4,A7,  No Ct ,36.17,R3BP,11-A8,11,A8,0.000521413174199
02/11/22,4,A11,30.32,30.97,R3BP,11-A12,11,A12,0.022349458233832
02/11/22,4,A10,32.11,32.4,R3BP,11-A11,11,A11,0.007476063818085
02/11/22,4,A9,31.86,32.58,R3BP,11-A10,11,A10,0.007656177614195
02/11/22,12,H10,20.97,21.52,R3SP,13-D9,13,D9,9.08043178049639
02/11/22,12,A11,  No Ct ,  No Ct ,R3SS,11-C7,11,C7,0
02/11/22,12,B11,37.08,37.52,R4SS,15-G10,15,G10,0.000332743821428
02/11/22,8,H10,34.72,34.2,R5BP,22-H2,22,H2,0.003153116375332
02/11/22,8,H9,32.15,31.98,R5BP,22-H1,22,H1,0.014850292231432
02/11/22,8,G10,30.07,30.68,R5BP,22-G2,22,G2,0.044322576676259
02/11/22,8,G9,28.81,28.96,R5BP,22-G1,22,G1,0.116229133471547
02/11/22,8,F10,32.18,31.91,R5BP,22-F2,22,F2,0.015043711632661
02/11/22,8,F9,32.56,32.56,R5BP,22-F1,22,F1,0.010780527208237
02/11/22,8,E10,24.96,25.2,R5BP,22-E2,22,E2,1.36307577672175
02/11/22,8,E9,32.62,33.11,R5BP,22-E1,22,E1,0.008849831462333
02/11/22,8,D10,26.56,26.6,R5BP,22-D2,22,D2,0.51644015167235
02/11/22,8,D9,33.95,33.36,R5BP,22-D1,22,D1,0.005308172161246
02/11/22,8,C10,33.67,33.27,R5BP,22-C2,22,C2,0.005983151502798
02/11/22,8,C9,25.75,25.79,R5BP,22-C1,22,C1,0.872227951494498
02/11/22,8,B1,28.23,28.23,R5BP,22-B3,22,B3,0.177570165718571
02/11/22,8,B10,29.26,29.26,R5BP,22-B2,22,B2,0.091188484910541
02/11/22,8,B9,29.85,29.23,R5BP,22-B1,22,B1,0.076078159936829
02/11/22,8,A1,26.82,26.71,R5BP,22-A3,22,A3,0.458178810076107
02/11/22,8,A10,27.55,26.87,R5BP,22-A2,22,A2,0.343550037276855
02/11/22,8,A9,28.34,27.91,R5BP,22-A1,22,A1,0.190053118434696
02/11/22,7,H9,31.09,30.44,R5BP,21-H9,21,H9,0.034437768320722
02/11/22,7,H8,33.38,34.04,R5BP,21-H8,21,H8,0.005122594749184
02/11/22,7,H7,33.28,33.57,R5BP,21-H7,21,H7,0.006159918979626
02/11/22,7,H6,33.03,33.27,R5BP,21-H6,21,H6,0.007359528644785
02/11/22,7,H5,32.65,33.71,R5BP,21-H5,21,H5,0.007218051892607
02/11/22,7,H4,27.68,27.95,R5BP,21-H4,21,H4,0.232265657325569
02/11/22,7,H3,22.69,22.62,R5BP,21-H3,21,H3,6.54553274764393
02/11/22,7,H2,23.16,23.17,R5BP,21-H2,21,H2,4.70581662826314
02/11/22,7,H12,29.23,28.66,R5BP,21-H12,21,H12,0.111803397200613
02/11/22,7,H11,33.35,32.39,R5BP,21-H11,21,H11,0.0088212473505
02/11/22,7,H10,31.85,31.85,R5BP,21-H10,21,H10,0.017066717507579
02/11/22,7,H1,35.43,35.02,R5BP,21-H1,21,H1,0.001922095668425
02/11/22,7,G9,32.31,32.16,R5BP,21-G9,21,G9,0.013303472003407
02/11/22,7,G8,24.71,24.9,R5BP,21-G8,21,G8,1.62852713760959
02/11/22,7,G6,33.7,34.2,R5BP,21-G6,21,G6,0.004385811883938
02/11/22,7,G5,32.5,32.6,R5BP,21-G5,21,G5,0.010850506213722
02/11/22,7,G4,29.59,29.38,R5BP,21-G4,21,G4,0.078834260844042
02/11/22,7,G3,34.86,36.39,R5BP,21-G3,21,G3,0.001483798746989
02/11/22,7,G2,35.56,38.02,R5BP,21-G2,21,G2,0.000698248481658
02/11/22,7,G12,27.44,26.72,R5BP,21-G12,21,G12,0.37369733438409
02/11/22,7,G11,29.88,29.96,R5BP,21-G11,21,G11,0.059494935769765
02/11/22,7,G10,31.36,33.91,R5BP,21-G10,21,G10,0.010269871273074
02/11/22,7,G1,36.39,35.29,R5BP,21-G1,21,G1,0.0012911003534
02/11/22,7,F9,31.99,31.97,R5BP,21-F9,21,F9,0.015689893655746
02/11/22,7,F8,29.17,29.45,R5BP,21-F8,21,F8,0.088285625841466
02/11/22,7,F7,30.21,29.89,R5BP,21-F7,21,F7,0.054695298897902
02/11/22,7,F6,35.02,34.61,R5BP,21-F6,21,F6,0.00250602269658
02/11/22,7,F5,27.61,27.68,R5BP,21-F5,21,F5,0.259271631174706
02/11/22,7,F4,21.68,21.89,R5BP,21-F4,21,F4,11.492512902511
02/11/22,7,F3,33.28,33.56,R5BP,21-F3,21,F3,0.006179879400867
02/11/22,7,F2,28.17,28.39,R5BP,21-F2,21,F2,0.17191746552886
02/11/22,7,F12,30.86,30.67,R5BP,21-F12,21,F12,0.034437768320722
02/11/22,7,F11,28.32,27.79,R5BP,21-F11,21,F11,0.198858884999893
02/11/22,7,F10,32.69,32.78,R5BP,21-F10,21,F10,0.009626424300333
02/11/22,7,F1,30.27,30.85,R5BP,21-F1,21,F1,0.039322398491432
02/11/22,7,E9,32.77,32.49,R5BP,21-E9,21,E9,0.010303149463483
02/11/22,7,E8,32.92,32.8,R5BP,21-E8,21,E8,0.008878508197285
02/11/22,7,E7,34.45,34.13,R5BP,21-E7,21,E7,0.003519735269214
02/11/22,7,E6,35.83,36.71,R5BP,21-E6,21,E6,0.000977529787083
02/11/22,7,E5,29.99,30.3,R5BP,21-E5,21,E5,0.051434556566814
02/11/22,7,E4,34.51,33.74,R5BP,21-E4,21,E4,0.003916291409568
02/11/22,7,E3,24.97,25.47,R5BP,21-E3,21,E3,1.2450305268212
02/11/22,7,E2,29.01,28.95,R5BP,21-E2,21,E2,0.109299959241713
02/11/22,7,E12,26.46,26.28,R5BP,21-E12,21,E12,0.591602499216898
02/11/22,7,E11,22.62,22.78,R5BP,21-E11,21,E11,6.35769954527185
02/11/22,7,E10,33.89,34.88,R5BP,21-E10,21,E10,0.003309900968684
02/11/22,7,E1,33.93,33.55,R5BP,21-E1,21,E1,0.005024119955102
02/11/22,7,D9,33.64,34.5,R5BP,21-D9,21,D9,0.004058167794535
02/11/22,7,D8,32.33,31.77,R5BP,21-D8,21,D8,0.014995121878437
02/11/22,7,D7,26.68,26.67,R5BP,21-D7,21,D7,0.485651796951493
02/11/22,7,D6,32.9,32.99,R5BP,21-D6,21,D6,0.008403399296499
02/11/22,7,D5,25.09,25.34,R5BP,21-D5,21,D5,1.24906488731461
02/11/22,7,D4,35.5,34.79,R5BP,21-D4,21,D4,0.00202420736179
02/11/22,7,D3,32.01,32.07,R5BP,21-D3,21,D3,0.015092458835703
02/11/22,7,D2,  No Ct ,  No Ct ,R5BP,21-D2,21,D2,0
02/11/22,7,D12,33.53,33.94,R5BP,21-D12,21,D12,0.005040399966414
02/11/22,7,D11,31.65,31.21,R5BP,21-D11,21,D11,0.022395976339112
02/11/22,7,D10,22.39,22.49,R5BP,21-D10,21,D10,7.52246195561061
02/11/22,7,D1,34.61,33.57,R5BP,21-D1,21,D1,0.004005991283574
02/11/22,7,C9,37.96,35.49,R5BP,21-C9,21,C9,0.000728240788577
02/11/22,7,C8,30.65,31.24,R5BP,21-C8,21,C8,0.0306517306099
02/11/22,7,C7,27.52,27.62,R5BP,21-C7,21,C7,0.272163574389786
02/11/22,7,C6,32.85,33.58,R5BP,21-C6,21,C6,0.007056429387838
02/11/22,7,C5,24.2,24.66,R5BP,21-C5,21,C5,2.07572587947869
02/11/22,7,C4,30.7,31.58,R5BP,21-C4,21,C4,0.027018423204847
02/11/22,7,C3,29.02,29.14,R5BP,21-C3,21,C3,0.102451896006572
02/11/22,7,C2,29.98,29.13,R5BP,21-C2,21,C2,0.075343362771608
02/11/22,7,C12,31.17,30.94,R5BP,21-C12,21,C12,0.028545982814584
02/11/22,7,C11,31.45,31.44,R5BP,21-C11,21,C11,0.02217966590337
02/11/22,7,C10,21.94,22.09,R5BP,21-C10,21,C10,9.90341549193215
02/11/22,7,C1,32.82,32.41,R5BP,21-C1,21,C1,0.010403632435574
02/11/22,7,B9,30.14,30.16,R5BP,21-B9,21,B9,0.051268427853152
02/11/22,7,B8,36.79,36.48,R5BP,21-B8,21,B8,0.000771907036746
02/11/22,7,B7,30.94,31.63,R5BP,21-B7,21,B7,0.024598861087779
02/11/22,7,B6,28.39,28.73,R5BP,21-B6,21,B6,0.143430000523312
02/11/22,7,B5,32.3,32.42,R5BP,21-B5,21,B5,0.012269871091233
02/11/22,7,B4,33.69,34.84,R5BP,21-B4,21,B4,0.00357713227695
02/11/22,7,B3,29.37,29.93,R5BP,21-B3,21,B3,0.070851655123854
02/11/22,7,B2,  No Ct ,34.36,R5BP,21-B2,21,B2,0.003363876167661
02/11/22,7,B12,33.36,32.87,R5BP,21-B12,21,B12,0.007528093422822
02/11/22,7,B11,33.15,34.2,R5BP,21-B11,21,B11,0.005239924144658
02/11/22,7,B10,31.01,30.81,R5BP,21-B10,21,B10,0.031353786735512
02/11/22,7,B1,  No Ct ,33.57,R5BP,21-B1,21,B1,0.005608284026901
02/11/22,7,A9,25.44,25.73,R5BP,21-A9,21,A9,0.983139171119365
02/11/22,7,A8,25.84,25.85,R5BP,21-A8,21,A8,0.830911940538645
02/11/22,7,A7,33.92,33.4,R5BP,21-A7,21,A7,0.005291027271275
02/11/22,7,A6,33.9,33.74,R5BP,21-A6,21,A6,0.00477067685141
02/11/22,7,A5,31.97,32.19,R5BP,21-A5,21,A5,0.014706861414448
02/11/22,7,A4,32,32.57,R5BP,21-A4,21,A4,0.012879974405073
02/11/22,7,A3,26.43,26.92,R5BP,21-A3,21,A3,0.485651796951493
02/11/22,7,A2,  No Ct ,36.6,R5BP,21-A2,21,A2,0.000789587019337
02/11/22,7,A12,31.8,30.64,R5BP,21-A12,21,A12,0.025655471465021
02/11/22,7,A11,28.28,28.25,R5BP,21-A11,21,A11,0.173594115756239
02/11/22,7,A10,32.8,32.77,R5BP,21-A10,21,A10,0.009319980420819
02/11/22,7,A1,  No Ct ,34,R5BP,21-A1,21,A1,0.004246195639463
02/11/22,8,H5,32.11,32.57,R5BP,20-H9,20,H9,0.012429681489752
02/11/22,8,H4,28.84,28.89,R5BP,20-H8,20,H8,0.117742973674223
02/11/22,8,H3,32.62,34.05,R5BP,20-H7,20,H7,0.006529275592282
02/11/22,8,H2,35.31,36.37,R5BP,20-H6,20,H6,0.0012911003534
02/11/22,8,H1,35,35.73,R5BP,20-H5,20,H5,0.001755638111635
02/11/22,8,H8,26.43,26.49,R5BP,20-H12,20,H12,0.558135954259267
02/11/22,8,H7,31.79,31.68,R5BP,20-H11,20,H11,0.018385057818333
02/11/22,8,H6,30.12,  No Ct ,R5BP,20-H10,20,H10,0.052273309886404
02/11/22,8,G5,34.45,33.07,R5BP,20-G9,20,G9,0.004959524043059
02/11/22,8,G4,30.59,30.57,R5BP,20-G8,20,G8,0.038816824138717
02/11/22,8,G3,33.58,38.1,R5BP,20-G7,20,G7,0.0012911003534
02/11/22,8,G2,35.66,36.62,R5BP,20-G6,20,G6,0.001063310249096
02/11/22,8,G1,29.41,30.22,R5BP,20-G5,20,G5,0.063677352714963
02/11/22,8,G8,31.34,31.43,R5BP,20-G12,20,G12,0.023057647738659
02/11/22,8,G7,34.57,34.44,R5BP,20-G11,20,G11,0.003062633297932
02/11/22,8,G6,37.91,34.46,R5BP,20-G10,20,G10,0.001032797076693
02/11/22,8,F5,23.31,22.93,R5BP,20-F9,20,F9,4.84484625694696
02/11/22,8,F4,29.88,30.55,R5BP,20-F8,20,F8,0.049156958065183
02/11/22,8,F3,33.13,32.67,R5BP,20-F7,20,F7,0.008651671079309
02/11/22,8,F2,37.5,32.74,R5BP,20-F6,20,F6,0.002057216505012
02/11/22,8,F1,22.82,22.86,R5BP,20-F5,20,F5,5.80710929604947
02/11/22,8,F8,30.88,30.77,R5BP,20-F12,20,F12,0.033126457844641
02/11/22,8,F7,27.82,27.67,R5BP,20-F11,20,F11,0.243027265324248
02/11/22,8,F6,25.82,28.69,R5BP,20-F10,20,F10,0.333691389224106
02/11/22,8,E5,21.38,21.24,R5BP,20-E9,20,E9,15.6275177192639
02/11/22,8,E3,34.73,34.01,R5BP,20-E7,20,E7,0.00334218126199
02/11/22,8,E2,31.08,31.85,R5BP,20-E6,20,E6,0.021894498399283
02/11/22,8,E1,35.28,36.17,R5BP,20-E5,20,E5,0.001390833043085
02/11/22,8,E8,30.86,30.51,R5BP,20-E12,20,E12,0.036267281230374
02/11/22,8,E7,22.43,22.37,R5BP,20-E11,20,E11,7.71969247610251
02/11/22,8,E6,26.65,28.84,R5BP,20-E10,20,E10,0.243027265324249
02/11/22,8,D5,26.41,26.38,R5BP,20-D9,20,D9,0.582109919520408
02/11/22,8,D4,34.96,35.84,R5BP,20-D8,20,D8,0.001716326863491
02/11/22,8,D3,22.68,22.24,R5BP,20-D7,20,D7,7.42574446176661
02/11/22,8,D2,36.65,34.84,R5BP,20-D6,20,D6,0.001372950880692
02/11/22,8,D1,32.65,33.7,R5BP,20-D5,20,D5,0.007241441056782
02/11/22,8,D8,31.7,31.34,R5BP,20-D12,20,D12,0.02112905141906
02/11/22,8,D7,32.46,32.96,R5BP,20-D11,20,D11,0.009783404274044
02/11/22,8,D6,31.49,  No Ct ,R5BP,20-D10,20,D10,0.0215431894186
02/11/22,8,C5,33.37,32.79,R5BP,20-C9,20,C9,0.007700519057411
02/11/22,8,C4,27.12,27.26,R5BP,20-C8,20,C8,0.348024645686356
02/11/22,8,C3,31.83,31.45,R5BP,20-C7,20,C7,0.019550595936852
02/11/22,8,C2,38.99,36.63,R5BP,20-C6,20,C6,0.000360902591027
02/11/22,8,C1,32.11,31.78,R5BP,20-C5,20,C5,0.016049259529452
02/11/22,8,C8,30.01,29.24,R5BP,20-C12,20,C12,0.072007046846856
02/11/22,8,C7,34.35,32.68,R5BP,20-C11,20,C11,0.005811456615555
02/11/22,8,C6,35.34,  No Ct ,R5BP,20-C10,20,C10,0.001784267643849
02/11/22,8,B5,32.73,32.87,R5BP,20-B9,20,B9,0.009229963848405
02/11/22,8,B4,27.19,27.25,R5BP,20-B8,20,B8,0.341334353559477
02/11/22,8,B3,31.51,30.61,R5BP,20-B7,20,B7,0.028453782011821
02/11/22,8,B2,34.98,34.78,R5BP,20-B6,20,B6,0.002402813149625
02/11/22,8,B8,27.27,27.27,R5BP,20-B12,20,B12,0.330468447356638
02/11/22,8,B7,31.88,31.76,R5BP,20-B11,20,B11,0.017401232110583
02/11/22,8,B6,27.15,37.65,R5BP,20-B10,20,B10,0.011956387999881
02/11/22,8,A5,33.01,32.89,R5BP,20-A9,20,A9,0.008376257117997
02/11/22,8,A4,32.99,32.86,R5BP,20-A8,20,A8,0.008512850372268
02/11/22,8,A3,32.25,31.65,R5BP,20-A7,20,A7,0.015997421951396
02/11/22,8,A2,35.11,34.93,R5BP,20-A6,20,A6,0.002194724440578
02/11/22,8,A8,32.55,32.73,R5BP,20-A12,20,A12,0.010236700568047
02/11/22,8,A7,29.5,29.52,R5BP,20-A11,20,A11,0.077569322807326
02/11/22,8,A6,29.23,  No Ct ,R5BP,20-A10,20,A10,0.092975816294848
02/11/22,11,C4,34.92,35.49,R5SP,22-H6,22,H6,0.001261706963543
02/11/22,11,C3,33.61,34.13,R5SP,22-H5,22,H5,0.002949979513659
02/11/22,11,C2,34.7,34.24,R5SP,22-H4,22,H4,0.002013905092068
02/11/22,11,C1,35.73,36.86,R5SP,22-H3,22,H3,0.000630654501506
02/11/22,11,B4,27.42,27.36,R5SP,22-G6,22,G6,0.18207193174168
02/11/22,11,B3,33.41,33.06,R5SP,22-G5,22,G5,0.004418445474667
02/11/22,11,B2,35.54,34.74,R5SP,22-G4,22,G4,0.001314976525433
02/11/22,11,B1,28.79,28.7,R5SP,22-G3,22,G3,0.076887634544896
02/11/22,11,A4,27.04,26.85,R5SP,22-F6,22,F6,0.241655397623429
02/11/22,11,A3,35.24,34.17,R5SP,22-F5,22,F5,0.001734237208956
02/11/22,11,A2,29.43,28.98,R5SP,22-F4,22,F4,0.057379729954482
02/11/22,11,A1,37.02,34.83,R5SP,22-F3,22,F3,0.000798036030979
02/11/22,11,H4,33.93,33.96,R5SP,22-E7,22,E7,0.00281252570267
02/11/22,11,H2,33.26,33.24,R5SP,22-E5,22,E5,0.004376480522673
02/11/22,11,H1,32.87,32.72,R5SP,22-E4,22,E4,0.0058457669825
02/11/22,11,G4,32.52,32.57,R5SP,22-D7,22,D7,0.006853564431417
02/11/22,11,G3,30.31,29.7,R5SP,22-D6,22,D6,0.034492009734716
02/11/22,11,G2,35.63,34.78,R5SP,22-D5,22,D5,0.001261706963543
02/11/22,11,G1,30.02,30.03,R5SP,22-D4,22,D4,0.034055910826914
02/11/22,11,F4,24.45,24.31,R5SP,22-C7,22,C7,1.23567995022421
02/11/22,11,F3,31.07,30.71,R5SP,22-C6,22,C6,0.019642329859296
02/11/22,11,F2,33.97,33.49,R5SP,22-C5,22,C5,0.003224786744654
02/11/22,11,F1,34.01,33.24,R5SP,22-C4,22,C4,0.003447565293209
02/11/22,11,E4,36.53,36.35,R5SP,22-B7,22,B7,0.000575079650331
02/11/22,11,E3,35.61,36.38,R5SP,22-B6,22,B6,0.000763275812128
02/11/22,11,E2,23.08,22.88,R5SP,22-B5,22,B5,3.01110569316123
02/11/22,11,E1,38.83,35.8,R5SP,22-B4,22,B4,0.00032958352929
02/11/22,11,D4,29.22,29.13,R5SP,22-A7,22,A7,0.058485404776655
02/11/22,11,D3,31.27,30.89,R5SP,22-A6,22,A6,0.017405880598209
02/11/22,11,D2,33.56,32.88,R5SP,22-A5,22,A5,0.004460812817849
02/11/22,11,D1,30.2,30.03,R5SP,22-A4,22,A4,0.032160700525723
02/11/22,12,C11,37.19,  No Ct ,R5SS,20-C4,20,C4,0.000356864214406
02/11/22,12,D11,21.49,21.67,R6SP,26-H2,26,H2,7.33746427927625
02/11/22,12,E11,  No Ct ,  No Ct ,R6SS,24-E1,24,E1,0
02/11/22,6,H10,22,22.56,R7BP,30-H6,30,H6,6.73782923606445
02/11/22,6,H9,34.98,35.33,R7BP,30-H5,30,H5,0.001121263022407
02/11/22,6,H8,29.61,30.01,R7BP,30-H4,30,H4,0.041539857272321
02/11/22,6,H7,31.43,31.48,R7BP,30-H3,30,H3,0.013666506114489
02/11/22,6,H6,33.09,32.37,R7BP,30-H2,30,H2,0.005773577502397
02/11/22,6,H5,28.65,29.04,R7BP,30-H1,30,H1,0.079742987116777
02/11/22,6,G11,25.82,26.31,R7BP,30-G7,30,G7,0.52194230600789
02/11/22,6,G10,30.68,30.85,R7BP,30-G6,30,G6,0.021785749216138
02/11/22,6,G9,33.5,34.2,R7BP,30-G5,30,G5,0.002708476052226
02/11/22,6,G8,30.86,31.44,R7BP,30-G4,30,G4,0.016794806325287
02/11/22,6,G7,28.06,28.28,R7BP,30-G3,30,G3,0.125836027601496
02/11/22,6,G6,34.69,35.13,R7BP,30-G2,30,G2,0.001323168032929
02/11/22,6,G5,31.9,32.13,R7BP,30-G1,30,G1,0.009360466643882
02/11/22,6,F11,31.19,32.19,R7BP,30-F7,30,F7,0.011659636201992
02/11/22,6,F10,31.44,31.89,R7BP,30-F6,30,F6,0.01185830182261
02/11/22,6,F9,32.25,33.05,R7BP,30-F5,30,F5,0.006094316430358
02/11/22,6,F8,27.9,28.41,R7BP,30-F4,30,F4,0.127118131329117
02/11/22,6,F7,32.23,32.58,R7BP,30-F3,30,F3,0.007191715522639
02/11/22,6,F6,32.74,33.14,R7BP,30-F2,30,F2,0.005009680165955
02/11/22,6,F5,33.03,32.78,R7BP,30-F1,30,F1,0.005129588180712
02/11/22,6,E11,28.7,29.32,R7BP,30-E7,30,E7,0.071328813512188
02/11/22,6,E10,27.05,27.53,R7BP,30-E6,30,E6,0.228078842362017
02/11/22,6,E9,31.3,31.72,R7BP,30-E5,30,E5,0.013167853920924
02/11/22,6,E8,28.13,28.74,R7BP,30-E4,30,E4,0.105202848730477
02/11/22,6,E7,35.39,35.05,R7BP,30-E3,30,E3,0.001073074809753
02/11/22,6,E6,31.6,31.57,R7BP,30-E2,30,E2,0.012517064784127
02/11/22,6,E5,26.47,26.6,R7BP,30-E1,30,E1,0.379907178672876
02/11/22,6,D11,33.35,34.19,R7BP,30-D7,30,D7,0.002858939730083
02/11/22,6,D10,30.92,31.61,R7BP,30-D6,30,D6,0.015538979723997
02/11/22,6,D9,30.92,31.18,R7BP,30-D5,30,D5,0.017969045153351
02/11/22,6,D8,23.46,23.94,R7BP,30-D4,30,D4,2.58077414993723
02/11/22,6,D7,32.66,32.6,R7BP,30-D3,30,D3,0.006177247467316
02/11/22,6,D6,23.75,24.08,R7BP,30-D2,30,D2,2.23176005435168
02/11/22,6,D5,27.77,27.98,R7BP,30-D1,30,D1,0.153598685849326
02/11/22,6,C11,32.91,34.89,R7BP,30-C7,30,C7,0.00261848445503
02/11/22,6,C10,29.36,29.83,R7BP,30-C6,30,C6,0.048036073426196
02/11/22,6,C9,33.34,34.27,R7BP,30-C5,30,C5,0.002792109845252
02/11/22,6,C8,28.18,28.24,R7BP,30-C4,30,C4,0.122479949887709
02/11/22,6,C7,24.8,24.92,R7BP,30-C3,30,C3,1.17839258212882
02/11/22,6,C6,32.93,33.6,R7BP,30-C2,30,C2,0.004021818800995
02/11/22,6,C5,35.05,38.79,R7BP,30-C1,30,C1,0.000340157460061
02/11/22,6,B11,28.06,28.64,R7BP,30-B7,30,B7,0.111423039148835
02/11/22,6,B10,26.07,26.42,R7BP,30-B6,30,B6,0.462160154800206
02/11/22,6,B9,27.78,28.18,R7BP,30-B5,30,B5,0.143077057520571
02/11/22,6,B8,31.03,31.61,R7BP,30-B4,30,B4,0.014972006259074
02/11/22,6,B7,24.97,25.23,R7BP,30-B3,30,B3,1.0019591138899
02/11/22,6,B6,28.46,28.69,R7BP,30-B2,30,B2,0.095705632990639
02/11/22,6,B5,37.61,37.31,R7BP,30-B1,30,B1,0.000236151114749
02/11/22,6,A11,37.71,37.7,R7BP,30-A7,30,A7,0.000200116316355
02/11/22,6,A10,22.2,22.53,R7BP,30-A6,30,A6,6.361689963838
02/11/22,6,A9,31.59,32.39,R7BP,30-A5,30,A5,0.009519957290319
02/11/22,6,A8,23.09,23.44,R7BP,30-A4,30,A4,3.46276086007541
02/11/22,6,A7,30.55,30.55,R7BP,30-A3,30,A3,0.025192716530791
02/11/22,6,A5,35.24,36.24,R7BP,30-A1,30,A1,0.000755109614507
02/11/22,5,H9,33.7,34.35,R7BP,29-H9,29,H9,0.002536924251051
02/11/22,5,H8,31.8,31.67,R7BP,29-H8,29,H8,0.01206314366369
02/11/22,5,H7,34.22,33.89,R7BP,29-H7,29,H7,0.002485630103356
02/11/22,5,H6,32.69,32.41,R7BP,29-H6,29,H6,0.006925721124705
02/11/22,5,H5,36.36,36.38,R7BP,29-H5,29,H5,0.000513914652183
02/11/22,5,H4,34.57,35.07,R7BP,29-H4,29,H4,0.001476474667531
02/11/22,5,H3,34.28,35.21,R7BP,29-H3,29,H3,0.001553829992223
02/11/22,5,H2,34.72,35.16,R7BP,29-H2,29,H2,0.00136063613336
02/11/22,5,H11,28.85,28.58,R7BP,29-H11,29,H11,0.094291924546362
02/11/22,5,H10,34.56,34.01,R7BP,29-H10,29,H10,0.002125325730065
02/11/22,5,H1,33.98,34.51,R7BP,29-H1,29,H1,0.00218400435482
02/11/22,5,G9,30.64,30.79,R7BP,29-G9,29,G9,0.024158752243929
02/11/22,5,G8,28.35,28.45,R7BP,29-G8,29,G8,0.11684765472619
02/11/22,5,G7,36.8,35.31,R7BP,29-G7,29,G7,0.000636849042226
02/11/22,5,G6,29.03,28.9,R7BP,29-G6,29,G6,0.079533391090587
02/11/22,5,G5,36.34,36.1,R7BP,29-G5,29,G5,0.00056917524086
02/11/22,5,G4,32.8,33.13,R7BP,29-G4,29,G4,0.005220949590316
02/11/22,5,G3,36.59,35.76,R7BP,29-G3,29,G3,0.000586884311262
02/11/22,5,G2,32.77,33.4,R7BP,29-G2,29,G2,0.004811333928891
02/11/22,5,G11,31.05,30.47,R7BP,29-G11,29,G11,0.023429768633186
02/11/22,5,G10,34.95,36.24,R7BP,29-G10,29,G10,0.000871080917723
02/11/22,5,G1,28.96,29.45,R7BP,29-G1,29,G1,0.067543179409584
02/11/22,5,F9,31.26,31.52,R7BP,29-F9,29,F9,0.015257275909629
02/11/22,5,F8,23.47,23.47,R7BP,29-F8,29,F8,3.35290308180219
02/11/22,5,F7,34.69,34.73,R7BP,29-F7,29,F7,0.001591303434081
02/11/22,5,F6,33.46,35.1,R7BP,29-F6,29,F6,0.002132573459583
02/11/22,5,F5,37.11,38.88,R7BP,29-F5,29,F5,0.000169972436528
02/11/22,5,F4,25.8,26.21,R7BP,29-F4,29,F4,0.5967899486733
02/11/22,5,F3,33.53,34.3,R7BP,29-F3,29,F3,0.002734226574611
02/11/22,5,F2,27.87,28.27,R7BP,29-F2,29,F2,0.146285405534191
02/11/22,5,F11,28.58,28.42,R7BP,29-F11,29,F11,0.109156600039484
02/11/22,5,F10,27.62,27.76,R7BP,29-F10,29,F10,0.189481581111015
02/11/22,5,F1,34.14,34.75,R7BP,29-F1,29,F1,0.001905958762639
02/11/22,5,E9,28.8,28.64,R7BP,29-E9,29,E9,0.093971465543295
02/11/22,5,E8,30.04,30.24,R7BP,29-E8,29,E8,0.03573567584198
02/11/22,5,E7,33.33,34.07,R7BP,29-E7,29,E7,0.003165264449295
02/11/22,5,E6,36.2,36.45,R7BP,29-E6,29,E6,0.000529904368711
02/11/22,5,E5,37,35.68,R7BP,29-E5,29,E5,0.000524519936548
02/11/22,5,E4,26.39,26.69,R7BP,29-E4,29,E4,0.414593033241022
02/11/22,5,E3,28.33,29.25,R7BP,29-E3,29,E3,0.089597728607514
02/11/22,5,E2,30.75,31.38,R7BP,29-E2,29,E2,0.019036166732141
02/11/22,13,E4,33.9,33.8,R7BP,29-E12,29,E12,0.002989131353732
02/11/22,5,E11,33.94,34.72,R7BP,29-E11,29,E11,0.002061194618944
02/11/22,5,E10,33.39,34.61,R7BP,29-E10,29,E10,0.002580477044436
02/11/22,5,E1,35.99,37.05,R7BP,29-E1,29,E1,0.000464019252365
02/11/22,5,D9,32.85,32.01,R7BP,29-D9,29,D9,0.007515346347413
02/11/22,5,D8,33.42,32.91,R7BP,29-D8,29,D8,0.004556270503305
02/11/22,5,D7,30.04,29.9,R7BP,29-D7,29,D7,0.040120930796612
02/11/22,5,D6,35.18,34.72,R7BP,29-D6,29,D6,0.001351403377492
02/11/22,5,D5,35.32,34.72,R7BP,29-D5,29,D5,0.001288504679115
02/11/22,5,D4,35.76,35.71,R7BP,29-D4,29,D4,0.000791882052371
02/11/22,5,D3,36.06,37.77,R7BP,29-D3,29,D3,0.000354596545203
02/11/22,5,D2,32.19,32.94,R7BP,29-D2,29,D2,0.006855347906858
02/11/22,13,D4,34.3,35.26,R7BP,29-D12,29,D12,0.001591644232945
02/11/22,5,D11,29.58,29.38,R7BP,29-D11,29,D11,0.056009797176754
02/11/22,5,D10,31.89,31.32,R7BP,29-D10,29,D10,0.013179577857256
02/11/22,5,D1,33.35,33.45,R7BP,29-D1,29,D1,0.003882576307187
02/11/22,5,C9,29.31,29.06,R7BP,29-C9,29,C9,0.068469238852319
02/11/22,5,C8,25.93,25.88,R7BP,29-C8,29,C8,0.638839115925328
02/11/22,5,C7,34.89,35.36,R7BP,29-C7,29,C7,0.001199602880717
02/11/22,5,C6,37.16,37.97,R7BP,29-C6,29,C6,0.000227787296399
02/11/22,5,C5,32.22,31.93,R7BP,29-C5,29,C5,0.009570232749227
02/11/22,5,C3,35.2,34.93,R7BP,29-C3,29,C3,0.001249624409805
02/11/22,5,C2,22.37,22.79,R7BP,29-C2,29,C2,6.14602043619847
02/11/22,13,C4,35.15,34.29,R7BP,29-C12,29,C12,0.001657692604692
02/11/22,13,C10,34.63,34.85,R7BP,29-C12,29,C12,0.001635377431062
02/11/22,5,C11,37.93,36.58,R7BP,29-C11,29,C11,0.000281317338521
02/11/22,5,C10,34.48,33.82,R7BP,29-C10,29,C10,0.002329941409178
02/11/22,5,C1,37.57,38.36,R7BP,29-C1,29,C1,0.000173480034562
02/11/22,5,B9,23.15,22.74,R7BP,29-B9,29,B9,4.79361885587572
02/11/22,5,B8,28.3,27.97,R7BP,29-B8,29,B8,0.139952448193976
02/11/22,5,B7,33.7,33.73,R7BP,29-B7,29,B7,0.003133101755963
02/11/22,5,B6,28.03,28,R7BP,29-B6,29,B6,0.151867379787249
02/11/22,5,B5,34.1,34.4,R7BP,29-B5,29,B5,0.002176581833098
02/11/22,5,B4,36.74,38.34,R7BP,29-B4,29,B4,0.000231697847947
02/11/22,5,B3,32.43,32.65,R7BP,29-B3,29,B3,0.006973037487397
02/11/22,5,B2,32.11,32.52,R7BP,29-B2,29,B2,0.008127453623048
02/11/22,13,B4,34.48,35.48,R7BP,29-B12,29,B12,0.001389907825157
02/11/22,13,B10,34.88,35.07,R7BP,29-B12,29,B12,0.001394625173129
02/11/22,5,B11,36.63,34.27,R7BP,29-B11,29,B11,0.000961468366537
02/11/22,5,B10,31.08,30.64,R7BP,29-B10,29,B10,0.021887592777992
02/11/22,5,B1,35.29,34.45,R7BP,29-B1,29,B1,0.001427055947848
02/11/22,5,A9,30.58,30.15,R7BP,29-A9,29,A9,0.03065981288124
02/11/22,5,A8,34.73,34.79,R7BP,29-A8,29,A8,0.001538041309056
02/11/22,5,A7,33.21,33.18,R7BP,29-A7,29,A7,0.004464147133031
02/11/22,5,A6,36.91,36.39,R7BP,29-A6,29,A6,0.00042471245776
02/11/22,5,A5,25.82,25.57,R7BP,29-A5,29,A5,0.73703565857535
02/11/22,5,A4,34.72,34.73,R7BP,29-A4,29,A4,0.001575133978048
02/11/22,5,A3,32.13,32.35,R7BP,29-A3,29,A3,0.008553266424147
02/11/22,5,A2,27.61,27.84,R7BP,29-A2,29,A2,0.185019498731923
02/11/22,13,A4,35.69,34.64,R7BP,29-A12,29,A12,0.001226141240776
02/11/22,13,A10,37.59,33.96,R7BP,29-A12,29,A12,0.000810993736382
02/11/22,5,A11,36.69,38.5,R7BP,29-A11,29,A11,0.000223181658206
02/11/22,5,A10,32.12,31.18,R7BP,29-A10,29,A10,0.012781887771384
02/11/22,5,A1,34.13,34.49,R7BP,29-A1,29,A1,0.002089454892696
02/11/22,6,H1,30.44,30.69,R7BP,28-H9,28,H9,0.024938624723152
02/11/22,6,H4,32.84,33.41,R7BP,28-H12,28,H12,0.004420918411186
02/11/22,6,H3,33.67,35.12,R7BP,28-H11,28,H11,0.001873990996458
02/11/22,6,H2,34.18,36.62,R7BP,28-H10,28,H10,0.000950167124756
02/11/22,6,G1,36.87,35.08,R7BP,28-G9,28,G9,0.000644224889962
02/11/22,6,G4,28.64,28.98,R7BP,28-G12,28,G12,0.081651656524646
02/11/22,6,G3,34.09,34.34,R7BP,28-G11,28,G11,0.002116398767765
02/11/22,6,G2,37.96,38.34,R7BP,28-G10,28,G10,0.000148140907234
02/11/22,6,F1,36,38.14,R7BP,28-F9,28,F9,0.000307365415882
02/11/22,6,F4,27.93,28.32,R7BP,28-F12,28,F12,0.129721660734192
02/11/22,6,F3,33.65,34.53,R7BP,28-F11,28,F11,0.002302952603773
02/11/22,6,F2,35.93,34.58,R7BP,28-F10,28,F10,0.001047990872098
02/11/22,6,E1,34.85,35.11,R7BP,28-E9,28,E9,0.001262030933551
02/11/22,6,E4,34.83,34.07,R7BP,28-E12,28,E12,0.001805614359937
02/11/22,6,E3,34.69,34.55,R7BP,28-E11,28,E11,0.001609644611248
02/11/22,6,E2,  No Ct ,  No Ct ,R7BP,28-E10,28,E10,0
02/11/22,6,D1,37,35.76,R7BP,28-D9,28,D9,0.000489970575656
02/11/22,6,D4,27.46,27.87,R7BP,28-D12,28,D12,0.177020066678928
02/11/22,6,D3,31.13,31.32,R7BP,28-D11,28,D11,0.015964763891892
02/11/22,6,D2,35.34,34.85,R7BP,28-D10,28,D10,0.001167662949348
02/11/22,6,C1,34.55,36.39,R7BP,28-C9,28,C9,0.000906264566285
02/11/22,6,C4,31.76,31.61,R7BP,28-C12,28,C12,0.011699101260885
02/11/22,6,C3,27.62,27.8,R7BP,28-C11,28,C11,0.171717675140408
02/11/22,6,C2,34.91,36.24,R7BP,28-C10,28,C10,0.000844184745216
02/11/22,6,B1,  No Ct ,39.17,R7BP,28-B9,28,B9,7.43541134932666E-05
02/11/22,6,B4,22.51,23.03,R7BP,28-B12,28,B12,4.83843599074385
02/11/22,6,B3,33.47,34.01,R7BP,28-B11,28,B11,0.002917494191014
02/11/22,6,B2,36.73,35.55,R7BP,28-B10,28,B10,0.000576248754875
02/11/22,6,A1,  No Ct ,36.51,R7BP,28-A9,28,A9,0.000448760889317
02/11/22,6,A4,32.48,33.37,R7BP,28-A12,28,A12,0.005060722222331
02/11/22,6,A3,35.86,35.94,R7BP,28-A11,28,A11,0.000677719528464
02/11/22,6,A2,  No Ct ,36.72,R7BP,28-A10,28,A10,0.000389385701593
02/11/22,11,H9,37.18,36.08,R7SP,30-H9,30,H9,0.000509601854761
02/11/22,11,C12,35.17,35.69,R7SP,30-H8,30,H8,0.001093430037055
02/11/22,11,H11,32.5,33.21,R7SP,30-H11,30,H11,0.005626826187279
02/11/22,11,H10,27.26,28.05,R7SP,30-H10,30,H10,0.153823787325563
02/11/22,11,G9,36.71,35.87,R7SP,30-G9,30,G9,0.000632663821062
02/11/22,11,B12,36.31,36.39,R7SP,30-G8,30,G8,0.000608968740416
02/11/22,11,G11,29.07,29.39,R7SP,30-G11,30,G11,0.05647431865541
02/11/22,11,G10,35.19,35.16,R7SP,30-G10,30,G10,0.001286019340468
02/11/22,11,F9,34.44,34.51,R7SP,30-F9,30,F9,0.002007508995515
02/11/22,11,A12,35.52,35.42,R7SP,30-F8,30,F8,0.001065955316509
02/11/22,11,F11,34.93,35.4,R7SP,30-F11,30,F11,0.001294227131787
02/11/22,11,F10,37.37,35.34,R7SP,30-F10,30,F10,0.000607034675659
02/11/22,11,E9,26.88,27.19,R7SP,30-E9,30,E9,0.228207282808886
02/11/22,11,E10,32.5,33.92,R7SP,30-E10,30,E10,0.004489283167841
02/11/22,11,D9,35.55,35.65,R7SP,30-D9,30,D9,0.000981341126859
02/11/22,11,D11,33.01,33.53,R7SP,30-D11,30,D11,0.004321146594884
02/11/22,11,D10,33.38,33.62,R7SP,30-D10,30,D10,0.003732931322819
02/11/22,11,C9,28.77,29.48,R7SP,30-C9,30,C9,0.060375744621504
02/11/22,11,C11,33.18,33.29,R7SP,30-C11,30,C11,0.004418445474667
02/11/22,11,C10,22.08,22.92,R7SP,30-C10,30,C10,4.08648585512725
02/11/22,11,B9,34.6,35.01,R7SP,30-B9,30,B9,0.001627340751201
02/11/22,11,B11,35.35,34.89,R7SP,30-B11,30,B11,0.00133181530063
02/11/22,11,B10,31.98,32.88,R7SP,30-B10,30,B10,0.0073737939889
02/11/22,11,A9,35.63,35.15,R7SP,30-A9,30,A9,0.001121612911364
02/11/22,11,D12,34.36,36.43,R7SP,30-A12,30,A12,0.001118050705526
02/11/22,11,A11,31.96,32.5,R7SP,30-A11,30,A11,0.008374347918179
02/11/22,11,A10,32.04,32.81,R7SP,30-A10,30,A10,0.007397287531604
02/11/22,12,F11,37.51,37.54,R7SS,28-B8,28,B8,0.000288364968655
02/11/22,10,H10,35.5,37.55,R8BP,35-H2,35,H2,0.00044832194732
02/11/22,10,H9,32.13,32.73,R8BP,35-H1,35,H1,0.007334119804825
02/11/22,10,G10,30.75,31.28,R8BP,35-G2,35,G2,0.019264334029831
02/11/22,10,G9,34.84,35.88,R8BP,35-G1,35,G1,0.000992878256536
02/11/22,10,F10,33.58,33.45,R8BP,35-F2,35,F2,0.003497470016405
02/11/22,10,F9,30.49,30.64,R8BP,35-F1,35,F1,0.026189909638067
02/11/22,10,H8,32.34,32.83,R8BP,35-E3,35,E3,0.006597904117924
02/11/22,10,E10,34.62,35.28,R8BP,35-E2,35,E2,0.001313469522647
02/11/22,10,E9,31.95,32.23,R8BP,35-E1,35,E1,0.009249622319661
02/11/22,10,D11,26.82,26.99,R8BP,35-D3,35,D3,0.318388959741446
02/11/22,10,D10,31.31,31.53,R8BP,35-D2,35,D2,0.014612078611285
02/11/22,10,D9,29.66,29.53,R8BP,35-D1,35,D1,0.050774072639556
02/11/22,10,C11,33.46,33.42,R8BP,35-C3,35,C3,0.003681154115198
02/11/22,10,C10,32.81,32.31,R8BP,35-C2,35,C2,0.006711444451181
02/11/22,10,C9,32.61,33.53,R8BP,35-C1,35,C1,0.004738621275515
02/11/22,10,B11,33.06,32.21,R8BP,35-B3,35,B3,0.006376553385218
02/11/22,10,B10,26.24,26.29,R8BP,35-B2,35,B2,0.492781051598882
02/11/22,10,B9,35.33,35.91,R8BP,35-B1,35,B1,0.000831442078575
02/11/22,10,A11,32.79,32.49,R8BP,35-A3,35,A3,0.006354830920372
02/11/22,10,A10,22.84,22.72,R8BP,35-A2,35,A2,5.31628187936891
02/11/22,10,A9,27.53,27.82,R8BP,35-A1,35,A1,0.188247839261269
02/11/22,9,H9,23.26,23.69,R8BP,34-H9,34,H9,3.40222083622496
02/11/22,9,H8,32.68,33.16,R8BP,34-H8,34,H8,0.005386665405021
02/11/22,9,H7,33.7,34.16,R8BP,34-H7,34,H7,0.002703055731138
02/11/22,9,H6,34.48,35.81,R8BP,34-H6,34,H6,0.001179254385479
02/11/22,9,H5,34.26,33.78,R8BP,34-H5,34,H5,0.002541967537243
02/11/22,9,H4,31.95,31.98,R8BP,34-H4,34,H4,0.010338975352611
02/11/22,9,H3,31.31,31.52,R8BP,34-H3,34,H3,0.015050554475135
02/11/22,9,H2,32.87,32.53,R8BP,34-H2,34,H2,0.006259649266485
02/11/22,9,H11,32.57,32.96,R8BP,34-H11,34,H11,0.005987940827249
02/11/22,9,H10,32.34,32.73,R8BP,34-H10,34,H10,0.007006038184633
02/11/22,9,H1,33.92,34.63,R8BP,34-H1,34,H1,0.002135809431617
02/11/22,9,G9,32.21,33,R8BP,34-G9,34,G9,0.006679093143898
02/11/22,9,G8,30.55,31.16,R8BP,34-G8,34,G8,0.022059339262891
02/11/22,9,G7,33.97,33.77,R8BP,34-G7,34,G7,0.002816080076474
02/11/22,9,G6,31.81,31.58,R8BP,34-G6,34,G6,0.012431756641907
02/11/22,9,G5,32.9,33.63,R8BP,34-G5,34,G5,0.004256253633424
02/11/22,9,G4,28.77,28.94,R8BP,34-G4,34,G4,0.086415669706023
02/11/22,9,G3,29.25,29,R8BP,34-G3,34,G3,0.071868321179824
02/11/22,9,G2,23.97,24.03,R8BP,34-G2,34,G2,2.37738763733978
02/11/22,9,G11,35.37,35.81,R8BP,34-G11,34,G11,0.000870292017298
02/11/22,9,G10,30.57,31.26,R8BP,34-G10,34,G10,0.021173980071741
02/11/22,9,G1,36.49,35.03,R8BP,34-G1,34,G1,0.000774925585307
02/11/22,9,F9,31.09,32,R8BP,34-F9,34,F9,0.013772332526643
02/11/22,9,F8,28.06,28.79,R8BP,34-F8,34,F8,0.115901084572894
02/11/22,9,F7,33.42,33.57,R8BP,34-F7,34,F7,0.003637747073462
02/11/22,9,F5,27.47,27.83,R8BP,34-F5,34,F5,0.196731996800658
02/11/22,9,F4,32.58,32.22,R8BP,34-F4,34,F4,0.007682454556793
02/11/22,9,F3,32.26,32.06,R8BP,34-F3,34,F3,0.009050237994164
02/11/22,9,F2,30.16,30.2,R8BP,34-F2,34,F2,0.034972767444097
02/11/22,9,F11,29.86,29.98,R8BP,34-F11,34,F11,0.041765722633417
02/11/22,9,F10,30.34,30.56,R8BP,34-F10,34,F10,0.029085397263831
02/11/22,9,F1,36.54,36.33,R8BP,34-F1,34,F1,0.000488790211329
02/11/22,9,E9,36.45,35.8,R8BP,34-E9,34,E9,0.000604000780745
02/11/22,9,E8,29.12,29.31,R8BP,34-E8,34,E8,0.06758533954398
02/11/22,9,E6,34.51,32.86,R8BP,34-E6,34,E6,0.003195195971729
02/11/22,9,E5,35.03,35.2,R8BP,34-E5,34,E5,0.001203656318574
02/11/22,9,E4,34.37,34.4,R8BP,34-E4,34,E4,0.001981287501967
02/11/22,9,E3,36.19,35.18,R8BP,34-E3,34,E3,0.000815638091929
02/11/22,9,E2,33.63,32.9,R8BP,34-E2,34,E2,0.004256253633424
02/11/22,13,E5,24.45,24.6,R8BP,34-E12,34,E12,1.65917616421695
02/11/22,9,E11,30.88,31.09,R8BP,34-E11,34,E11,0.020185871301186
02/11/22,9,E10,33.25,34.4,R8BP,34-E10,34,E10,0.002903939071176
02/11/22,9,E1,35.32,35.79,R8BP,34-E1,34,E1,0.000891338160099
02/11/22,9,D9,34.47,35.5,R8BP,34-D9,34,D9,0.001315368689871
02/11/22,9,D8,32.18,32.59,R8BP,34-D8,34,D8,0.007761532851107
02/11/22,9,D7,35.37,36.51,R8BP,34-D7,34,D7,0.000685314624992
02/11/22,9,D6,35.74,34.94,R8BP,34-D6,34,D6,0.001032262142065
02/11/22,9,D5,34.88,35.23,R8BP,34-D5,34,D5,0.001253985457499
02/11/22,9,D4,28.46,28.53,R8BP,34-D4,34,D4,0.110492423669499
02/11/22,9,D3,32.66,32.96,R8BP,34-D3,34,D3,0.005806775021588
02/11/22,9,D2,31.47,31.34,R8BP,34-D2,34,D2,0.015153658644983
02/11/22,13,D5,28.53,28.97,R8BP,34-D12,34,D12,0.094727265353746
02/11/22,9,D11,21.95,22.53,R8BP,34-D11,34,D11,7.90569399255921
02/11/22,9,D10,29.04,29.14,R8BP,34-D10,34,D10,0.073606302133799
02/11/22,9,D1,31.99,32.42,R8BP,34-D1,34,D1,0.008776422052266
02/11/22,9,C9,21.97,22.28,R8BP,34-C9,34,C9,8.55140548467373
02/11/22,9,C8,34.05,34.84,R8BP,34-C8,34,C8,0.001901767844589
02/11/22,9,C7,32.65,33.21,R8BP,34-C7,34,C7,0.005350015004095
02/11/22,9,C6,32.64,32.92,R8BP,34-C6,34,C6,0.005926932756272
02/11/22,9,C5,32.89,32.54,R8BP,34-C5,34,C5,0.006195872896985
02/11/22,9,C4,33,33.13,R8BP,34-C4,34,C4,0.004878962723432
02/11/22,9,C3,28.82,29.12,R8BP,34-C3,34,C3,0.079890474388369
02/11/22,9,C2,30.8,30.95,R8BP,34-C2,34,C2,0.021760180825686
02/11/22,13,C5,30.69,30.44,R8BP,34-C12,34,C12,0.027689843425589
02/11/22,13,C11,30.82,30.54,R8BP,34-C12,34,C12,0.025613917124398
02/11/22,9,C11,27.21,27.59,R8BP,34-C11,34,C11,0.233345806228101
02/11/22,9,C10,32.36,33.18,R8BP,34-C10,34,C10,0.005967535345538
02/11/22,9,C1,31.22,30.92,R8BP,34-C1,34,C1,0.019047807790619
02/11/22,9,B9,25.23,25.57,R8BP,34-B9,34,B9,0.914113241470251
02/11/22,9,B8,34.29,36.22,R8BP,34-B8,34,B8,0.001093937474478
02/11/22,9,B7,31.87,32.85,R8BP,34-B7,34,B7,0.007895142990336
02/11/22,9,B6,34.31,33.85,R8BP,34-B6,34,B6,0.002439944793231
02/11/22,9,B5,32.44,32.74,R8BP,34-B5,34,B5,0.006747843474861
02/11/22,9,B4,32.34,32.19,R8BP,34-B4,34,B4,0.008424177325587
02/11/22,9,B3,23.69,23.81,R8BP,34-B3,34,B3,2.81984346203676
02/11/22,9,B2,30.47,30.41,R8BP,34-B2,34,B2,0.029284647447242
02/11/22,13,B5,33.59,31.71,R8BP,34-B12,34,B12,0.00674070001612
02/11/22,13,B11,33.14,31.75,R8BP,34-B12,34,B12,0.007745268896807
02/11/22,9,B11,31.97,31.91,R8BP,34-B11,34,B11,0.010516954620734
02/11/22,9,B10,32.58,32.73,R8BP,34-B10,34,B10,0.006454944313788
02/11/22,9,B1,30.26,30.3,R8BP,34-B1,34,B1,0.03266479974155
02/11/22,9,A9,22.48,22.56,R8BP,34-A9,34,A9,6.53010252633909
02/11/22,9,A8,26.75,26.99,R8BP,34-A8,34,A8,0.335077294361505
02/11/22,9,A7,27.78,27.63,R8BP,34-A7,34,A7,0.189481799259874
02/11/22,9,A6,33.75,33.86,R8BP,34-A6,34,A6,0.002943862354959
02/11/22,9,A5,32.16,32.51,R8BP,34-A5,34,A5,0.008031053148086
02/11/22,9,A4,37.09,35.86,R8BP,34-A4,34,A4,0.000475622618987
02/11/22,9,A3,35.44,33.8,R8BP,34-A3,34,A3,0.001687601877991
02/11/22,9,A2,36.12,35.59,R8BP,34-A2,34,A2,0.000726260626576
02/11/22,13,A5,34.89,29.62,R8BP,34-A12,34,A12,0.00880954543973
02/11/22,13,A11,35.46,29.63,R8BP,34-A12,34,A12,0.007237798696643
02/11/22,9,A11,32.93,33.24,R8BP,34-A11,34,A11,0.004812796513913
02/11/22,9,A10,31.23,31.99,R8BP,34-A10,34,A10,0.013174526033635
02/11/22,9,A1,34.19,34.93,R8BP,34-A1,34,A1,0.001758166496859
02/11/22,10,H4,33.22,33.2,R8BP,33-H9,33,H9,0.004306812848381
02/11/22,10,H3,34.81,34.63,R8BP,33-H8,33,H8,0.001536710292225
02/11/22,10,H2,28.14,28.04,R8BP,33-H7,33,H7,0.141815597799905
02/11/22,10,H1,34.18,36.52,R8BP,33-H6,33,H6,0.00099967769004
02/11/22,10,G8,35.31,35.05,R8BP,33-H5,33,H5,0.001122659355931
02/11/22,10,H7,32.51,33.33,R8BP,33-H12,33,H12,0.005249428200524
02/11/22,10,H6,22.45,22.69,R8BP,33-H11,33,H11,6.13552881391616
02/11/22,10,H5,32.03,32.71,R8BP,33-H10,33,H10,0.007640679800523
02/11/22,10,G4,29.97,29.98,R8BP,33-G9,33,G9,0.03917508974017
02/11/22,10,G3,34.7,35.57,R8BP,33-G8,33,G8,0.001157673254537
02/11/22,10,G2,27.12,27.22,R8BP,33-G7,33,G7,0.265712508842018
02/11/22,10,G1,23.98,23.81,R8BP,33-G6,33,G6,2.48383075356425
02/11/22,10,F8,33.69,33.78,R8BP,33-G5,33,G5,0.003009857952877
02/11/22,10,G7,31.86,31.75,R8BP,33-G12,33,G12,0.011235644771468
02/11/22,10,G6,33.65,33.51,R8BP,33-G11,33,G11,0.003345707731935
02/11/22,10,G5,32.37,32.46,R8BP,33-G10,33,G10,0.007409586971203
02/11/22,10,F4,32.64,32.29,R8BP,33-F9,33,F9,0.007161005379866
02/11/22,10,F3,34.96,35.57,R8BP,33-F8,33,F8,0.001059385440545
02/11/22,10,F2,32.12,31.78,R8BP,33-F7,33,F7,0.010177005283827
02/11/22,10,F1,35.13,37.47,R8BP,33-F6,33,F6,0.000522733098864
02/11/22,10,E8,32.1,32.67,R8BP,33-F5,33,F5,0.007562858937364
02/11/22,10,F7,33.16,32.6,R8BP,33-F12,33,F12,0.005394708713679
02/11/22,10,F6,27.66,27.74,R8BP,33-F11,33,F11,0.185063171257225
02/11/22,10,F5,35.56,36.52,R8BP,33-F10,33,F10,0.000624229084873
02/11/22,10,E4,31,31.13,R8BP,33-E9,33,E9,0.018618041756348
02/11/22,10,E3,27.27,27.05,R8BP,33-E8,33,E8,0.267532162483434
02/11/22,10,E2,35.83,35.83,R8BP,33-E7,33,E7,0.000720423714097
02/11/22,10,E1,29.91,29.6,R8BP,33-E6,33,E6,0.045521650490273
02/11/22,10,D8,35.15,34.59,R8BP,33-E5,33,E5,0.001387177385208
02/11/22,10,E7,32.52,31.63,R8BP,33-E12,33,E12,0.009344799764958
02/11/22,10,E6,21.78,21.54,R8BP,33-E11,33,E11,11.4176309164459
02/11/22,10,E5,32.92,33.08,R8BP,33-E10,33,E10,0.004970499105762
02/11/22,10,D4,27.77,27.67,R8BP,33-D9,33,D9,0.182554271813875
02/11/22,10,D3,34.59,34.83,R8BP,33-D8,33,D8,0.00154723399881
02/11/22,10,D2,33.08,32.79,R8BP,33-D7,33,D7,0.005195962403721
02/11/22,10,D1,35.24,33.72,R8BP,33-D6,33,D6,0.001810205999802
02/11/22,10,C8,33.1,31.56,R8BP,33-D5,33,D5,0.007852139380474
02/11/22,10,D7,33.25,34.07,R8BP,33-D12,33,D12,0.003167933088039
02/11/22,10,D6,34.63,34.4,R8BP,33-D11,33,D11,0.00176747793167
02/11/22,10,D5,33.18,33.48,R8BP,33-D10,33,D10,0.003968149263978
02/11/22,10,C4,31.49,31.54,R8BP,33-C9,33,C9,0.013694746577297
02/11/22,10,C3,21.92,21.77,R8BP,33-C8,33,C8,10.0633366166815
02/11/22,10,C2,35.61,34.37,R8BP,33-C7,33,C7,0.001278097543103
02/11/22,10,C1,34,34.62,R8BP,33-C6,33,C6,0.002032899925734
02/11/22,10,B8,32.83,33.74,R8BP,33-C5,33,C5,0.004091909312162
02/11/22,10,C7,33.31,32.9,R8BP,33-C12,33,C12,0.004626770948681
02/11/22,10,C6,31.86,31.81,R8BP,33-C11,33,C11,0.011007938638183
02/11/22,10,C5,34.03,34.52,R8BP,33-C10,33,C10,0.002082044463823
02/11/22,10,B4,27.44,27.44,R8BP,33-B9,33,B9,0.22099578979916
02/11/22,10,B3,32.03,31.93,R8BP,33-B8,33,B8,0.009970753967704
02/11/22,10,B2,36.29,36.13,R8BP,33-B7,33,B7,0.000555847939382
02/11/22,10,B1,34.73,34.08,R8BP,33-B6,33,B6,0.001905276452485
02/11/22,10,A8,34.03,33.86,R8BP,33-B5,33,B5,0.002607966449128
02/11/22,10,B7,21.78,21.69,R8BP,33-B12,33,B12,10.8479081665685
02/11/22,10,B6,32.03,31.69,R8BP,33-B11,33,B11,0.010821712702687
02/11/22,10,B5,32.22,31.61,R8BP,33-B10,33,B10,0.010423030293453
02/11/22,10,A4,34.3,33.3,R8BP,33-A9,33,A9,0.002879254140202
02/11/22,10,A3,34.63,35.06,R8BP,33-A8,33,A8,0.001411048690366
02/11/22,10,A2,24,23.97,R8BP,33-A7,33,A7,2.33585564481672
02/11/22,10,A1,34.69,34.82,R8BP,33-A6,33,A6,0.001500437811594
02/11/22,10,A7,32.81,33.16,R8BP,33-A12,33,A12,0.005021644913709
02/11/22,10,A6,31.7,31.55,R8BP,33-A11,33,A11,0.012704278333791
02/11/22,10,A5,32.85,33.28,R8BP,33-A10,33,A10,0.004754819115452
02/11/22,12,G11,22.69,23.19,R8SP,35-B8,35,B8,3.08871615785049
02/11/22,12,H11,  No Ct ,  No Ct ,R8SS,33-D1,33,D1,0
02/11/22,12,H9,21.38,21.84,R9SP,39-H12,39,H12,7.19874848269121
09/08/22,0,A1,33.81,,R1BS,1-E5,1,E5,0.000193033195451
09/08/22,0,A2,20.49,,R2SP,9-D2,9,D2,1.12856869669507
09/08/22,0,A3,23.01,,R7BP,30-A2,30,A2,0.21871169180269
09/08/22,0,A4,29.65,,R8BS,32-A8,32,A8,0.002897877347273
09/08/22,0,A5,18.52,,R3SP,13-C10,13,C10,4.07046476753825
09/08/22,0,A6,29.48,,R9SS,40-C1,40,C1,0.003237099137095
09/08/22,0,A7,  No Ct ,,R11SS,46-H11,46,H11,0
09/08/22,0,A8,20.23,,R13SP,58-C3,58,C3,1.3367678746536
09/08/22,0,B1,33.97,,R1BS,2-E5,2,E5,0.000173933805902
09/08/22,0,B2,33.14,,R2SS,7-C3,7,C3,0.000298612511377
09/08/22,0,B3,33.67,,R7BS,27-B11,27,B11,0.00021145794144
09/08/22,0,B4,19.42,,R8SP,35-B7,35,B7,2.26529100240272
09/08/22,0,B5,31.58,,R3SS,11-H5,11,H5,0.00082466203236
09/08/22,0,B6,19.86,,R10BP,43-D11,43,D11,1.70095177199131
09/08/22,0,B7,19.05,,R12BP,53-D9,53,D9,2.88243816871449
09/08/22,0,B8,32.21,,R13SS,56-B2,56,B2,0.000547157050776
09/08/22,0,C1,28.68,,R1SS,2-D11,2,D11,0.005449993696889
09/08/22,0,C2,18.64,,R5BP,21-D2,21,D2,3.76450605486196
09/08/22,0,C3,32.42,,R7BS,26-E10,26,E10,0.000477225893776
09/08/22,0,C4,30.96,,R8SS,33-A2,33,A2,0.00123484372738
09/08/22,0,C5,19.85,,R4BP,16-C5,16,C5,1.71206401834919
09/08/22,0,C6,19.55,,R10BP,43-G7,43,G7,2.08142132610027
09/08/22,0,C7,20.05,,R12BP,53-H8,53,H8,1.50300352797408
09/08/22,0,C8,22.96,,R14BP,60-F10,60,F10,0.225949820160097
09/08/22,0,D1,18.01,,R1SP,4-G10,4,G10,5.67377357128628
09/08/22,0,D2,19.5,,R5BP,20-E8,20,E8,2.15030467934026
09/08/22,0,D3,20.39,,R7SP,30-E11,30,E11,1.20450331613986
09/08/22,0,D4,34.36,,R5SS,20-E2,20,E2,0.000134924867423
09/08/22,0,D5,22.35,,R4BP,16-A12,16,A12,0.336139848502709
09/08/22,0,D6,21.66,,R11BP,47-H5,47,H5,0.526807561556195
09/08/22,0,D7,32.69,,R12BS,49-B12,49,B12,0.000400283787092
09/08/22,0,D8,18.79,,R14BP,60-B11,60,B11,3.41419246865216
09/08/22,0,E1,21.4,,R2BP,7-A11,7,A11,0.623993405519025
09/08/22,0,E2,18.85,,R5SP,22-E6,22,E6,3.28337131744743
09/08/22,0,E3,  No Ct ,,R7SS,28-H7,28,H7,0
09/08/22,0,E4,19.77,,R3BP,12-G7,12,G7,1.8036156706378
09/08/22,0,E5,36.33,,R4SS,15-G9,15,G9,3.74E-05
09/08/22,0,E6,21.57,,R11BP,47-A10,47,A10,0.558603946966048
09/08/22,0,E7,33.71,,R12BS,49-G7,49,G7,0.000206021241531
09/08/22,0,E8,34.8,,R14BS,59-H7,59,H7,0.000101311792651
09/08/22,0,F1,  No Ct ,,R2BP,8-B6,8,B6,0
09/08/22,0,F2,19.19,,R6SP,26-A4,26,A4,2.63128566658437
09/08/22,0,F3,18.45,,R8BP,34-F6,34,F6,4.26029821321877
09/08/22,0,F4,20.47,,R3BP,12-E1,12,E1,1.14336264710769
09/08/22,0,F5,33.96,,R9BS,36-B1,36,B1,0.000175070108137
09/08/22,0,F6,34.61,,R11BS,46-G4,46,G4,0.00011465473635
09/08/22,0,F7,19.33,,R12SP,54-E1,54,E1,2.402016575523
09/08/22,0,F8,28.59,,R14BS,59-B1,59,B1,0.005778937532767
09/08/22,0,G1,30.88,,R2BS,6-A5,6,A5,0.001300876295291
09/08/22,0,G2,  No Ct ,,R6SS,24-C1,24,C1,0
09/08/22,0,G3,19.96,,R8BP,34-E7,34,E7,1.59371991652906
09/08/22,0,G4,33.93,,R3BS,11-F2,11,F2,0.000178523749637
09/08/22,0,G5,26.17,,R9BS,36-F1,36,F1,0.027939845483885
09/08/22,0,G6,32.64,,R11BS,45-E9,45,E9,0.000413530931799
09/08/22,0,G7,30.05,,R13BS,54-H6,54,H6,0.0022333665127
09/08/22,0,G8,18.23,,R14SP,62-G2,62,G2,4.91649950757231
09/08/22,0,H1,31.88,,R2BS,6-C1,6,C1,0.000678322151886
09/08/22,0,H2,20.04,,R7BP,29-C4,29,C4,1.51282258678258
09/08/22,0,H3,  No Ct ,,R8BS,31-D11,31,D11,0
09/08/22,0,H4,26,,R3BS,9-H7,9,H7,0.031210447809858
09/08/22,0,H5,  No Ct ,,R9SP,39-H11,39,H11,0
09/08/22,0,H6,19.65,,R11SP,49-B4,49,B4,1.95020380749001
09/08/22,0,H7,  No Ct ,,R13BS,55-B7,55,B7,0
09/08/22,0,H8,31.07,,R14SS,60-H5,60,H5,0.001149486830536
